Case,Qg_frac,rho,u_min,N_ES_max,Feasible_volt,N_ES_sel,ES_Buses,Vmin_pu,WorstBus,TotalLoss_pu,MeanCurt,MaxCurt,TotalVoltSlack,TotalQg_pu,SolCode,SolTime_s
ES_only,0,0.3,0,4,0,4,[8 14 30 32],0.850241883667076,18,0.516137337349784,0.991024975238432,1.00000255674118,20.3378703882625,0,0,0.8582338
ES_Qg25,0.25,0.3,0,4,0,4,[8 14 30 32],0.851444174018966,18,0.513798457294356,0.926934086465493,1.00000010353127,19.8135246262241,0.17622942577441,0,0.8055169
ES_Qg50,0.5,0.3,0,4,0,4,[8 14 30 32],0.852641924446992,18,0.506531260714722,0.892434428693584,1.00000220604866,19.2926595020152,0.352956438887214,0,0.8110678
ES_Qg75,0.75,0.3,0,4,0,4,[8 14 30 32],0.853835070682847,18,0.488376183900707,0.956028959076479,1,18.7847017106909,0.528709006590791,0,0.8039233
Qg_full_ES,1,0.3,0,4,0,4,[8 14 30 32],0.85502373563412,18,0.480560879918296,0.979336075860045,1.00000053064341,18.2843690068232,0.717067447237343,0,0.803206
ES_only,0,0.3,0,8,0,8,[7 8 14 18 29 30 31 32],0.862660760501858,18,0.450456062852023,0.966585854032533,1,16.4810330190899,0,0,0.7546478
ES_Qg25,0.25,0.3,0,8,0,8,[7 8 14 18 29 30 31 32],0.86383351848926,18,0.441637235185028,0.946298714884014,1.00000050265045,15.9821321625935,0.175568837358522,0,0.7865109
ES_Qg50,0.5,0.3,0,8,0,8,[7 8 14 18 29 30 31 32],0.865001983484032,18,0.428233294644136,0.994327151300093,1.00000182750984,15.4859845274054,0.36638385759427,0,0.8659035
ES_Qg75,0.75,0.3,0,8,0,8,[7 8 14 18 29 30 31 32],0.866166219606337,18,0.419714495667647,0.979378250611406,1.00000360177523,14.9920485420564,0.554744095834206,0,0.8525864
Qg_full_ES,1,0.3,0,8,0,8,[7 8 14 18 29 30 31 32],0.86732610444184,18,0.413755037063556,0.971071570758649,1.00000041121022,14.5120869262091,0.723221754615656,0,0.7791495
ES_only,0,0.3,0,12,0,12,[7 8 12 13 14 16 17 18 29 30 31 32],0.873491953103649,18,0.413698012376275,0.949260202865034,1,14.1669011718928,0,0,0.8267582
ES_Qg25,0.25,0.3,0,12,0,12,[7 8 12 13 14 16 17 18 29 30 31 32],0.874642250875773,18,0.408760885432167,0.950856721729919,1,13.6828296439805,0.176559364519359,0,0.851038
ES_Qg50,0.5,0.3,0,12,0,12,[7 8 12 13 14 16 17 18 29 30 31 32],0.875788436909503,18,0.394704566094566,0.995491879053191,1,13.2259635589975,0.372505996354434,0,0.9302215
ES_Qg75,0.75,0.3,0,12,0,12,[7 8 12 13 14 16 17 18 29 30 31 32],0.876930551894619,18,0.388107244417437,0.949469499229711,1,12.77698958119,0.538256496530865,0,1.2358062
Qg_full_ES,1,0.3,0,12,0,12,[7 8 12 13 14 16 17 18 29 30 31 32],0.878068633336846,18,0.38294836201274,0.957215506844376,1.00000110127425,12.3290487665577,0.719175834689986,0,1.3667749
ES_only,0,0.3,0,16,0,16,[7 8 12 13 14 15 16 17 18 24 25 29 30 31 32 33],0.879227870635659,18,0.359269143699984,0.942701935738611,1.00000140686562,12.3448339585515,0,0,1.1926223
ES_Qg25,0.25,0.3,0,16,0,16,[7 8 12 13 14 15 16 17 18 24 25 29 30 31 32 33],0.880366553439107,18,0.38748241644305,0.894873003867506,1.00001525388365,11.8983082862186,0.174629053570674,0,1.4775422
ES_Qg50,0.5,0.3,0,16,0,16,[7 8 12 13 14 15 16 17 18 24 25 29 30 31 32 33],0.881500984169296,18,0.345698823205587,0.960589360347614,1.0000030357818,11.4567770720624,0.354709114254444,0,1.4811179
ES_Qg75,0.75,0.3,0,16,0,16,[7 8 12 13 14 15 16 17 18 24 25 29 30 31 32 33],0.882631798201276,18,0.390478649962636,0.872401381230615,1.00006564464711,11.0182907383662,0.521665658959377,0,1.4149637
Qg_full_ES,1,0.3,0,16,0,16,[7 8 12 13 14 15 16 17 18 24 25 29 30 31 32 33],0.883758159490238,18,0.328357150893419,0.98353080711333,1,10.5937795018621,0.739002224247587,0,1.3064321
ES_only,0,0.3,0,20,0,20,[7 8 9 10 11 12 13 14 15 16 17 18 24 25 28 29 30 31 32 33],0.884189518575242,18,0.338512933660116,0.956659379333552,1,10.9551268557676,0,0,1.1793016
ES_Qg25,0.25,0.3,0,20,0,20,[7 8 9 10 11 12 13 14 15 16 17 18 24 25 28 29 30 31 32 33],0.885318235561738,18,0.333800255289758,0.940188514544216,1.00000302320778,10.5289295866448,0.175369756882287,0,1.2616815
ES_Qg50,0.5,0.3,0,20,0,20,[7 8 9 10 11 12 13 14 15 16 17 18 24 25 28 29 30 31 32 33],0.886443020134858,18,0.3293380516909,0.943932935337886,1.00000490568264,10.1253634418742,0.351163676370913,0,1.3111073
ES_Qg75,0.75,0.3,0,20,0,20,[7 8 9 10 11 12 13 14 15 16 17 18 24 25 28 29 30 31 32 33],0.887563846089113,18,0.315486828902279,0.989946092520395,1.00000012686038,9.74237173215874,0.556283550506903,0,1.320471
Qg_full_ES,1,0.3,0,20,0,20,[7 8 9 10 11 12 13 14 15 16 17 18 24 25 28 29 30 31 32 33],0.888680916113071,18,0.306933934360225,0.988102531716279,1.00000239244787,9.38247462438513,0.754148220462712,0,1.2216779
ES_only,0,0.3,0,24,0,24,[4 6 7 8 9 10 11 12 13 14 15 16 17 18 24 25 26 27 28 29 30 31 32 33],0.886790389917444,18,0.320515690198404,0.934351352395104,1.00000029703772,10.0783097257177,0,0,1.2818788
ES_Qg25,0.25,0.3,0,24,0,24,[4 6 7 8 9 10 11 12 13 14 15 16 17 18 24 25 26 27 28 29 30 31 32 33],0.887914138391915,18,0.312597725985302,0.96664711387307,1.0000002666989,9.68137538169109,0.176538888443872,0,1.3075442
ES_Qg50,0.5,0.3,0,24,0,24,[4 6 7 8 9 10 11 12 13 14 15 16 17 18 24 25 26 27 28 29 30 31 32 33],0.889034021338308,18,0.305875872431624,0.976431897952442,1,9.30892199083507,0.357737144785789,0,1.2309871
ES_Qg75,0.75,0.3,0,24,0,24,[4 6 7 8 9 10 11 12 13 14 15 16 17 18 24 25 26 27 28 29 30 31 32 33],0.890150079181845,18,0.296834620946211,0.990090130532186,1.00000148793571,8.96389582207862,0.568169704752478,0,1.2345588
Qg_full_ES,1,0.3,0,24,0,24,[4 6 7 8 9 10 11 12 13 14 15 16 17 18 24 25 26 27 28 29 30 31 32 33],0.891262329778396,18,0.293968879102234,0.942774560529759,1.0000020883719,8.62650974147362,0.706284139542612,0,1.1987815
ES_only,0,0.3,0,28,0,28,[2 3 4 5 6 7 8 9 10 11 12 13 14 15 16 17 18 23 24 25 26 27 28 29 30 31 32 33],0.887757832913108,18,0.321687560936981,0.929743428257197,1,9.76669694203459,0,0,1.1707214
ES_Qg25,0.25,0.3,0,28,0,28,[2 3 4 5 6 7 8 9 10 11 12 13 14 15 16 17 18 23 24 25 26 27 28 29 30 31 32 33],0.888879928776737,18,0.304928373627537,0.953931076833406,1.00000016868362,9.38469098744095,0.175783428362759,0,1.2269912
ES_Qg50,0.5,0.3,0,28,0,28,[2 3 4 5 6 7 8 9 10 11 12 13 14 15 16 17 18 23 24 25 26 27 28 29 30 31 32 33],0.889998191118555,18,0.29967293285398,0.926436409505715,1.00000139488801,9.03001219640414,0.351461537744568,0,1.2661375
ES_Qg75,0.75,0.3,0,28,0,28,[2 3 4 5 6 7 8 9 10 11 12 13 14 15 16 17 18 23 24 25 26 27 28 29 30 31 32 33],0.891112608129124,18,0.291828802384708,0.940752046282691,1,8.68668192685151,0.53533539959235,0,1.2552995
Qg_full_ES,1,0.3,0,28,0,28,[2 3 4 5 6 7 8 9 10 11 12 13 14 15 16 17 18 23 24 25 26 27 28 29 30 31 32 33],0.892223480089291,18,0.31226069648007,0.885626013234222,1.00001861678408,8.35343032795026,0.681078631417922,0,1.3441694
ES_only,0,0.3,0,32,0,32,[2 3 4 5 6 7 8 9 10 11 12 13 14 15 16 17 18 19 20 21 22 23 24 25 26 27 28 29 30 31 32 33],0.88791644701639,18,0.326472042178641,0.892489246142119,1.00000157933401,9.71639667407658,0,0,1.1243122
ES_Qg25,0.25,0.3,0,32,0,32,[2 3 4 5 6 7 8 9 10 11 12 13 14 15 16 17 18 19 20 21 22 23 24 25 26 27 28 29 30 31 32 33],0.889038299345206,18,0.317164647562395,0.891877176324199,1,9.33622068859158,0.177181832852986,0,1.1900247
ES_Qg50,0.5,0.3,0,32,0,32,[2 3 4 5 6 7 8 9 10 11 12 13 14 15 16 17 18 19 20 21 22 23 24 25 26 27 28 29 30 31 32 33],0.890156296277593,18,0.311586524253187,0.894787793168636,1.00000145622376,8.98423306130323,0.35891012492601,0,1.148082
ES_Qg75,0.75,0.3,0,32,0,32,[2 3 4 5 6 7 8 9 10 11 12 13 14 15 16 17 18 19 20 21 22 23 24 25 26 27 28 29 30 31 32 33],0.891270495495206,18,0.305180140541858,0.886027224070411,1.00000084552491,8.64132784006183,0.543350021721828,0,1.0537602
Qg_full_ES,1,0.3,0,32,0,32,[2 3 4 5 6 7 8 9 10 11 12 13 14 15 16 17 18 19 20 21 22 23 24 25 26 27 28 29 30 31 32 33],0.892380877016992,18,0.298774554234903,0.867677892757335,1.00000050198205,8.30855821169597,0.707941135489162,0,0.9826883
ES_only,0,0.3,0.2,4,0,4,[8 14 30 32],0.846455980472642,18,0.545842793922456,0.758645829221238,0.8,21.78470080429,0,0,1.1133741
ES_Qg25,0.25,0.3,0.2,4,0,4,[8 14 30 32],0.847670089923199,18,0.532809880989989,0.793423707245652,0.8,21.2582395904848,0.178097693242982,0,1.2245041
ES_Qg50,0.5,0.3,0.2,4,0,4,[8 14 30 32],0.848879494446485,18,0.527826274565931,0.729743536100357,0.8,20.7330730825616,0.354171497168488,0,1.2304722
ES_Qg75,0.75,0.3,0.2,4,0,4,[8 14 30 32],0.850084261545491,18,0.515689901842349,0.78899178322966,0.800000608359344,20.2091832774091,0.537082853053713,0,1.6714483
Qg_full_ES,1,0.3,0.2,4,0,4,[8 14 30 32],0.851284399234263,18,0.510206717779501,0.726989528409353,0.8,19.6880172148471,0.703121403136118,0,1.2567701
ES_only,0,0.3,0.2,8,0,8,[7 8 14 18 29 30 31 32],0.856512750575554,18,0.49121255392759,0.733123347411163,0.8,18.6311738691682,0,0,1.1961194
ES_Qg25,0.25,0.3,0.2,8,0,8,[7 8 14 18 29 30 31 32],0.857702311151143,18,0.489276180175776,0.740778027436065,0.800001267683521,18.1281020816936,0.175323633796344,0,1.1606448
ES_Qg50,0.5,0.3,0.2,8,0,8,[7 8 14 18 29 30 31 32],0.858888161832499,18,0.502567170749301,0.693445843760046,0.800038924950527,17.6260689055338,0.35042793395032,0,1.3935944
ES_Qg75,0.75,0.3,0.2,8,0,8,[7 8 14 18 29 30 31 32],0.860068022791377,18,0.460971889449328,0.745881489076143,0.800000791941083,17.1255904935735,0.53198558588909,0,1.3090401
Qg_full_ES,1,0.3,0.2,8,0,8,[7 8 14 18 29 30 31 32],0.861244279575527,18,0.452522292560828,0.758204764255024,0.800000198639965,16.6261257984304,0.717115144875679,0,1.2937232
ES_only,0,0.3,0.2,12,0,12,[7 8 13 14 16 17 18 25 29 30 31 32],0.864714176555056,18,0.447031897520229,0.737362021464282,0.800000532584091,16.7641828912846,0,0,1.7064186
ES_Qg25,0.25,0.3,0.2,12,0,12,[7 8 13 14 16 17 18 25 29 30 31 32],0.865886300388836,18,0.442402738418279,0.740964199333529,0.800000409323395,16.2660455564212,0.17532364787685,0,1.7925955
ES_Qg50,0.5,0.3,0.2,12,0,12,[7 8 12 13 14 16 17 18 29 30 31 32],0.867639573133393,18,0.462591248538179,0.700984220251677,0.800015282302019,15.7511871539822,0.348625071391603,0,1.4318797
ES_Qg75,0.75,0.3,0.2,12,0,12,[7 8 12 13 14 16 17 18 29 30 31 32],0.868802016710191,18,0.464811280474934,0.681051076732833,0.800033264216479,15.2546564108722,0.521774880102459,0,1.3598764
Qg_full_ES,1,0.3,0.2,12,0,12,[7 8 12 13 14 16 17 18 29 30 31 32],0.869959643243948,18,0.443292692529644,0.707714776083007,0.80000835117929,14.7678125362987,0.70104496878296,0,1.3913024
ES_only,0,0.3,0.2,16,0,16,[7 8 12 13 14 15 16 17 18 24 25 29 30 31 32 33],0.869974502235926,18,0.415291208120368,0.725499764161344,0.800001096688807,15.1878479838082,0,0,1.2479955
ES_Qg25,0.25,0.3,0.2,16,0,16,[7 8 12 13 14 15 16 17 18 24 25 29 30 31 32 33],0.871135256940935,18,0.406504106158547,0.770999661200205,0.800001960658167,14.6969576053587,0.176308213636385,0,1.2946355
ES_Qg50,0.5,0.3,0.2,16,0,16,[7 8 12 13 14 15 16 17 18 24 25 29 30 31 32 33],0.87229178707519,18,0.400213514933856,0.770363439001966,0.800001476890823,14.2129264125901,0.355004546405956,0,1.2333802
ES_Qg75,0.75,0.3,0.2,16,0,16,[7 8 12 13 14 15 16 17 18 24 25 29 30 31 32 33],0.873444220826711,18,0.40116309462265,0.720586767967463,0.80000554543344,13.7439050799796,0.525833222165467,0,1.2885838
Qg_full_ES,1,0.3,0.2,16,0,16,[7 8 12 13 14 15 16 17 18 24 25 29 30 31 32 33],0.874592706001284,18,0.44610768727866,0.695636040356428,0.800079610263933,13.2935968943756,0.695299827409897,0,1.353165
ES_only,0,0.3,0.2,20,0,20,[7 8 9 10 11 12 13 14 15 16 17 18 24 25 28 29 30 31 32 33],0.874021520334539,18,0.396283215570641,0.723031375786714,0.800002027637711,13.9890973543635,0,0,1.1376406
ES_Qg25,0.25,0.3,0.2,20,0,20,[7 8 9 10 11 12 13 14 15 16 17 18 24 25 28 29 30 31 32 33],0.875173867868747,18,0.384116918490121,0.774151532526453,0.800001159713308,13.5229703225409,0.177500048030296,0,1.28
ES_Qg50,0.5,0.3,0.2,20,0,20,[7 8 9 10 11 12 13 14 15 16 17 18 24 25 28 29 30 31 32 33],0.876322094135249,18,0.382613008986503,0.758135155869148,0.800002319498155,13.0673630409507,0.354363353186593,0,1.4618854
ES_Qg75,0.75,0.3,0.2,20,0,20,[7 8 9 10 11 12 13 14 15 16 17 18 24 25 28 29 30 31 32 33],0.877466274962561,18,0.377841294636151,0.702904001134046,0.800006049772377,12.6208302921113,0.522795157637872,0,1.2976282
Qg_full_ES,1,0.3,0.2,20,0,20,[7 8 9 10 11 12 13 14 15 16 17 18 24 25 28 29 30 31 32 33],0.878606321350418,18,0.367286900163639,0.758551322328152,0.800004166918855,12.1753467788573,0.718859198554566,0,1.2246943
ES_only,0,0.3,0.2,24,0,24,[4 6 7 8 9 10 11 12 13 14 15 16 17 18 24 25 26 27 28 29 30 31 32 33],0.876143781879662,18,0.382124345112209,0.726797622385679,0.80000017084616,13.2243627964771,0,0,1.3533747
ES_Qg25,0.25,0.3,0.2,24,0,24,[4 6 7 8 9 10 11 12 13 14 15 16 17 18 24 25 26 27 28 29 30 31 32 33],0.877291909816362,18,0.373918837759377,0.764210321357904,0.800000552512239,12.7757051696601,0.17556071057424,0,1.3532163
ES_Qg50,0.5,0.3,0.2,24,0,24,[4 6 7 8 9 10 11 12 13 14 15 16 17 18 24 25 26 27 28 29 30 31 32 33],0.878436234386159,18,0.385596915688882,0.698100118429389,0.800022052640399,12.3284875979559,0.349782691747813,0,1.3008475
ES_Qg75,0.75,0.3,0.2,24,0,24,[4 6 7 8 9 10 11 12 13 14 15 16 17 18 24 25 26 27 28 29 30 31 32 33],0.879575984654912,18,0.376897415970842,0.74828227957666,0.800004138528816,11.8824231605791,0.529806019414774,0,1.3095672
Qg_full_ES,1,0.3,0.2,24,0,24,[4 6 7 8 9 10 11 12 13 14 15 16 17 18 24 25 26 27 28 29 30 31 32 33],0.880711910257706,18,0.351160781280484,0.766628336177503,0.800000107672459,11.4424015824653,0.722985445652981,0,1.3152963
ES_only,0,0.3,0.2,28,0,28,[2 3 4 5 6 7 8 9 10 11 12 13 14 15 16 17 18 23 24 25 26 27 28 29 30 31 32 33],0.876931378438045,18,0.374366145690774,0.737839268911871,0.800000257416183,12.9542126710866,0,0,1.2017093
ES_Qg25,0.25,0.3,0.2,28,0,28,[2 3 4 5 6 7 8 9 10 11 12 13 14 15 16 17 18 23 24 25 26 27 28 29 30 31 32 33],0.878078191626212,18,0.368896335153901,0.743893450284923,0.800006332518517,12.5061022806705,0.175152899199795,0,1.3443182
ES_Qg50,0.5,0.3,0.2,28,0,28,[2 3 4 5 6 7 8 9 10 11 12 13 14 15 16 17 18 23 24 25 26 27 28 29 30 31 32 33],0.879220740102511,18,0.35672458747504,0.753851551765577,0.8,12.0590874820258,0.353509252737779,0,1.2992517
ES_Qg75,0.75,0.3,0.2,28,0,28,[2 3 4 5 6 7 8 9 10 11 12 13 14 15 16 17 18 23 24 25 26 27 28 29 30 31 32 33],0.880359393073268,18,0.349709236350614,0.772197216381953,0.800003138369897,11.6141771343653,0.54821654458109,0,1.3636925
Qg_full_ES,1,0.3,0.2,28,0,28,[2 3 4 5 6 7 8 9 10 11 12 13 14 15 16 17 18 23 24 25 26 27 28 29 30 31 32 33],0.881493951824589,18,0.339278079823336,0.783664752891224,0.8,11.1838777595109,0.750198988172086,0,1.2658468
ES_only,0,0.3,0.2,32,0,32,[2 3 4 5 6 7 8 9 10 11 12 13 14 15 16 17 18 19 20 21 22 23 24 25 26 27 28 29 30 31 32 33],0.877060476056703,18,0.377118477962835,0.709611526064643,0.800037885498366,12.9098604365005,0,0,1.1628272
ES_Qg25,0.25,0.3,0.2,32,0,32,[2 3 4 5 6 7 8 9 10 11 12 13 14 15 16 17 18 19 20 21 22 23 24 25 26 27 28 29 30 31 32 33],0.878206728743232,18,0.369629594954684,0.723452930525949,0.800002357933625,12.4618167826179,0.176492153156437,0,1.1470503
ES_Qg50,0.5,0.3,0.2,32,0,32,[2 3 4 5 6 7 8 9 10 11 12 13 14 15 16 17 18 19 20 21 22 23 24 25 26 27 28 29 30 31 32 33],0.87934919805983,18,0.36120297870056,0.716796895799754,0.800000725848953,12.0147840332334,0.358701753050143,0,1.0043365
ES_Qg75,0.75,0.3,0.2,32,0,32,[2 3 4 5 6 7 8 9 10 11 12 13 14 15 16 17 18 19 20 21 22 23 24 25 26 27 28 29 30 31 32 33],0.880487609061112,18,0.358861439086783,0.705173625072984,0.8,11.5702272908893,0.540927326782232,0,1.1450235
Qg_full_ES,1,0.3,0.2,32,0,32,[2 3 4 5 6 7 8 9 10 11 12 13 14 15 16 17 18 19 20 21 22 23 24 25 26 27 28 29 30 31 32 33],0.88162198434491,18,0.353468909439005,0.706122314028518,0.800001319084012,11.1414958615783,0.723827404098791,0,1.2759074
ES_only,0,0.4,0,4,0,4,[8 14 30 32],0.856453534857827,18,0.469334322059849,0.995487705132982,1,17.9699276767004,0,0,1.143154
ES_Qg25,0.25,0.4,0,4,0,4,[8 14 30 32],0.857636982887174,18,0.464062967623232,0.949899526424158,1.00000027515444,17.4692624483356,0.176336410768002,0,1.1328684
ES_Qg50,0.5,0.4,0,4,0,4,[8 14 30 32],0.858816007270415,18,0.453823777146965,0.988505815395615,1.00000010888087,16.969793148749,0.354154694427595,0,1.2229842
ES_Qg75,0.75,0.4,0,4,0,4,[8 14 30 32],0.859990673579346,18,0.444102486846064,0.983330645165116,1,16.4715123051583,0.543463809754771,0,1.2138428
Qg_full_ES,1,0.4,0,4,0,4,[8 14 30 32],0.861161016424138,18,0.438699358960157,0.970963645781957,1,15.9744110192129,0.716514937492667,0,1.0750602
ES_only,0,0.4,0,8,0,8,[7 8 14 18 29 30 31 32],0.872691899196292,18,0.391159993672973,0.957527668867852,1.00000201387095,13.0373697300534,0,0,1.1378721
ES_Qg25,0.25,0.4,0,8,0,8,[7 8 14 18 29 30 31 32],0.873838387173026,18,0.38756972670845,0.925681916471418,1.00000621056533,12.5898423358018,0.176092820784569,0,1.2994173
ES_Qg50,0.5,0.4,0,8,0,8,[7 8 14 18 29 30 31 32],0.874981259258441,18,0.409830546641802,0.932167651968769,1.00002212340294,12.1460687598634,0.350428980719431,0,1.2753572
ES_Qg75,0.75,0.4,0,8,0,8,[7 8 14 18 29 30 31 32],0.876119036118283,18,0.362629030487219,0.960089457585057,1.00000019434753,11.709310230853,0.535605093087341,0,1.3627688
Qg_full_ES,1,0.4,0,8,0,8,[7 8 14 18 29 30 31 32],0.877253706931152,18,0.38453826134208,0.880775799276326,1.00001923922519,11.2846922929878,0.697433304828243,0,1.2760215
ES_only,0,0.4,0,12,0,12,[7 8 12 13 14 16 17 18 29 30 31 32],0.886808117389608,18,0.346217271199937,0.982533316058528,1,10.1741617121072,0,0,1.272541
ES_Qg25,0.25,0.4,0,12,0,12,[7 8 12 13 14 16 17 18 29 30 31 32],0.887926762531491,18,0.336987152223138,0.97030961575273,1.00000015113009,9.76700094944072,0.178830454975876,0,1.2273751
ES_Qg50,0.5,0.4,0,12,0,12,[7 8 12 13 14 16 17 18 29 30 31 32],0.889041579528561,18,0.328900401618006,0.991859707284999,1.00000030704052,9.39579749453526,0.370348258381102,0,1.2884592
ES_Qg75,0.75,0.4,0,12,0,12,[7 8 12 13 14 16 17 18 29 30 31 32],0.890152586494506,18,0.321932920535285,0.9920063664295,1.0000001337276,9.05058060432157,0.55487452367272,0,1.2312665
Qg_full_ES,1,0.4,0,12,0,12,[7 8 12 13 14 16 17 18 29 30 31 32],0.891259816340625,18,0.320103891209379,0.984994767214665,1,8.71368716941485,0.726240916695842,0,1.2847158
ES_only,0,0.4,0,16,0,16,[7 8 12 13 14 15 16 17 18 24 25 29 30 31 32 33],0.894241210399407,18,0.279968242020388,0.967346379355059,1.00000048689841,8.1396680137021,0,0,1.1629074
ES_Qg25,0.25,0.4,0,16,0,16,[7 8 12 13 14 15 16 17 18 24 25 29 30 31 32 33],0.895345570484009,18,0.27623883211139,0.950556218422443,1.00000026591569,7.8201040887951,0.167987416678453,0,1.1993687
ES_Qg50,0.5,0.4,0,16,0,16,[7 8 12 13 14 15 16 17 18 24 25 29 30 31 32 33],0.896446223566739,18,0.267380909666775,0.972481476827361,1,7.50337233257387,0.341803449427741,0,1.2780228
ES_Qg75,0.75,0.4,0,16,0,16,[7 8 12 13 14 15 16 17 18 24 25 29 30 31 32 33],0.897543198760995,18,0.25944297300527,0.989375473798646,1,7.20559526320391,0.534022254609384,0,1.39388
Qg_full_ES,1,0.4,0,16,0,16,[7 8 10 12 13 14 15 16 17 18 24 25 29 30 31 32],0.899608962892519,18,0.256142727083216,0.995058569183732,1,6.96405137059086,0.744405498697658,0,1.3368661
ES_only,0,0.4,0,20,0,20,[7 8 9 10 11 12 13 14 15 16 17 18 24 25 28 29 30 31 32 33],0.900657547694918,18,0.260517628867883,0.929050737974209,1,6.73327560772103,0,0,1.2917303
ES_Qg25,0.25,0.4,0,20,0,20,[7 8 9 10 11 12 13 14 15 16 17 18 24 25 28 29 30 31 32 33],0.901749989495859,18,0.246586013139185,0.99747977791601,1,6.46513986366754,0.175701051565018,0,1.2163826
ES_Qg50,0.5,0.4,0,20,0,20,[7 8 9 10 11 12 13 14 15 16 17 18 24 25 28 29 30 31 32 33],0.902838823470793,18,0.243568585571235,0.963255601931735,1,6.25208619586573,0.341377976213352,0,1.2189073
ES_Qg75,0.75,0.4,0,20,0,20,[7 8 9 10 11 12 13 14 15 16 17 18 24 25 28 29 30 31 32 33],0.903924076505345,18,0.237330557273375,0.974354828187619,1,6.06201799817397,0.515228286393919,0,1.2508886
Qg_full_ES,1,0.4,0,20,0,20,[7 8 9 10 11 12 13 14 15 16 17 18 24 25 28 29 30 31 32 33],0.905005783741829,18,0.230663273257763,0.989341402260478,1.00000002529379,5.90206288564633,0.685063901291051,0,1.2937531
ES_only,0,0.4,0,24,0,24,[4 6 7 8 9 10 11 12 13 14 15 16 17 18 24 25 26 27 28 29 30 31 32 33],0.904019375108962,18,0.236562595344646,0.9531145887836,1.000000126897,5.93026394435855,0,0,1.1357022
ES_Qg25,0.25,0.4,0,24,0,24,[4 6 7 8 9 10 11 12 13 14 15 16 17 18 24 25 26 27 28 29 30 31 32 33],0.90510589342343,18,0.231587216472286,0.960402967378909,1.00000029174094,5.73376799697812,0.164680145968813,0,1.270437
ES_Qg50,0.5,0.4,0,24,0,24,[4 6 7 8 9 10 11 12 13 14 15 16 17 18 24 25 26 27 28 29 30 31 32 33],0.906188861348625,18,0.221758571863217,0.994859618641864,1,5.56904265180346,0.343451325637326,0,1.20101
ES_Qg75,0.75,0.4,0,24,0,24,[4 6 7 8 9 10 11 12 13 14 15 16 17 18 24 25 26 27 28 29 30 31 32 33],0.907268303506591,18,0.216175464393325,0.993729031564333,1,5.40903587148051,0.527306965475631,0,1.1850455
Qg_full_ES,1,0.4,0,24,0,24,[4 6 7 8 9 10 11 12 13 14 15 16 17 18 24 25 26 27 28 29 30 31 32 33],0.908344244544266,18,0.214741350215685,0.974667861524492,1,5.24941937577038,0.66284061595341,0,1.280814
ES_only,0,0.4,0,28,0,28,[2 3 4 5 6 7 8 9 10 11 12 13 14 15 16 17 18 23 24 25 26 27 28 29 30 31 32 33],0.90527452061717,18,0.227198388565939,0.960269019872399,1,5.66710261621199,0,0,1.0791152
ES_Qg25,0.25,0.4,0,28,0,28,[2 3 4 5 6 7 8 9 10 11 12 13 14 15 16 17 18 23 24 25 26 27 28 29 30 31 32 33],0.906359054406523,18,0.221191632748491,0.983650301498915,1,5.49116532210559,0.155733562520543,0,1.1788955
ES_Qg50,0.5,0.4,0,28,0,28,[2 3 4 5 6 7 8 9 10 11 12 13 14 15 16 17 18 23 24 25 26 27 28 29 30 31 32 33],0.907440062606779,18,0.215916620185912,0.98085022185366,1,5.33085436489125,0.337229632673278,0,1.1347453
ES_Qg75,0.75,0.4,0,28,0,28,[2 3 4 5 6 7 8 9 10 11 12 13 14 15 16 17 18 23 24 25 26 27 28 29 30 31 32 33],0.908517544382999,18,0.209521233621771,0.976762926130633,1,5.17093608094667,0.499544834336848,0,1.277219
Qg_full_ES,1,0.4,0,28,0,28,[2 3 4 5 6 7 8 9 10 11 12 13 14 15 16 17 18 23 24 25 26 27 28 29 30 31 32 33],0.909591550037059,18,0.206551931756961,0.966895550597032,1,5.01140573453952,0.649799002445671,0,1.2623906
ES_only,0,0.4,0,32,0,32,[2 3 4 5 6 7 8 9 10 11 12 13 14 15 16 17 18 19 20 21 22 23 24 25 26 27 28 29 30 31 32 33],0.905480937882472,18,0.240256951641099,0.893564987247562,1,5.62376498980181,0,0,1.0313912
ES_Qg25,0.25,0.4,0,32,0,32,[2 3 4 5 6 7 8 9 10 11 12 13 14 15 16 17 18 19 20 21 22 23 24 25 26 27 28 29 30 31 32 33],0.90656519228704,18,0.242154751552875,0.821481009582101,1,5.45193873429539,0.145067873590409,0,1.0992709
ES_Qg50,0.5,0.4,0,32,0,32,[2 3 4 5 6 7 8 9 10 11 12 13 14 15 16 17 18 19 20 21 22 23 24 25 26 27 28 29 30 31 32 33],0.907645862588336,18,0.236764430347567,0.815437371965056,1,5.29164046044471,0.29995901976435,0,1.0016203
ES_Qg75,0.75,0.4,0,32,0,32,[2 3 4 5 6 7 8 9 10 11 12 13 14 15 16 17 18 19 20 21 22 23 24 25 26 27 28 29 30 31 32 33],0.908723087191905,18,0.228962779229151,0.805127373670761,1.00000019241669,5.13172894162098,0.453389588943851,0,1.0074904
Qg_full_ES,1,0.4,0,32,0,32,[2 3 4 5 6 7 8 9 10 11 12 13 14 15 16 17 18 19 20 21 22 23 24 25 26 27 28 29 30 31 32 33],0.909796807946641,18,0.222304455526918,0.806439986155576,1,4.97220661048122,0.617671457854395,0,0.9365361
ES_only,0,0.4,0.2,4,0,4,[8 14 30 32],0.851493875546673,18,0.508228256201507,0.79666071523326,0.800000987444394,19.8573179036716,0,0,1.1074312
ES_Qg25,0.25,0.4,0.2,4,0,4,[8 14 30 32],0.852692338480836,18,0.496747702403826,0.772971204788361,0.800001318711962,19.3347761198383,0.177701932126611,0,1.3821928
ES_Qg50,0.5,0.4,0.2,4,0,4,[8 14 30 32],0.853887627042954,18,0.554340724329382,0.736239014087378,0.800028864872609,18.8210449405143,0.353275713858268,0,1.3467248
ES_Qg75,0.75,0.4,0.2,4,0,4,[8 14 30 32],0.855077295632811,18,0.585408598563987,0.744515892022924,0.800046790616621,18.3199290528747,0.529672847347589,0,1.2767506
Qg_full_ES,1,0.4,0.2,4,0,4,[8 14 30 32],0.856260531907767,18,0.471156939690927,0.790039288703678,0.8,17.8207744906939,0.726296954703011,0,1.2188339
ES_only,0,0.4,0.2,8,0,8,[7 8 14 18 29 30 31 32],0.864688072982547,18,0.439496452949301,0.773400475012689,0.800000184121486,15.7728978879706,0,0,1.1772909
ES_Qg25,0.25,0.4,0.2,8,0,8,[7 8 14 18 29 30 31 32],0.865855437907915,18,0.431883501437075,0.77865554103635,0.800001892497655,15.2764271956069,0.176920960391061,0,1.1801443
ES_Qg50,0.5,0.4,0.2,8,0,8,[7 8 14 18 29 30 31 32],0.867018509485641,18,0.423296365376172,0.759252354765667,0.800001863021488,14.7829833951233,0.352091764807816,0,1.4007241
ES_Qg75,0.75,0.4,0.2,8,0,8,[7 8 14 18 29 30 31 32],0.868177449484608,18,0.421406180423329,0.767073130749911,0.80000601896842,14.3065954020552,0.53405610372171,0,1.3377323
Qg_full_ES,1,0.4,0.2,8,0,8,[7 8 14 18 29 30 31 32],0.869332017886636,18,0.409516747681781,0.770708275091677,0.800000115153783,13.8446043490989,0.716921252228534,0,1.2633683
ES_only,0,0.4,0.2,12,0,12,[7 8 12 13 14 16 17 18 29 30 31 32],0.876187684874934,18,0.400985647386617,0.755886165983696,0.8,13.3291281918931,0,0,1.2488905
ES_Qg25,0.25,0.4,0.2,12,0,12,[7 8 12 13 14 16 17 18 29 30 31 32],0.877331414341504,18,0.389810143888577,0.773267862781157,0.8,12.8787462869691,0.177459799574599,0,1.2918992
ES_Qg50,0.5,0.4,0.2,12,0,12,[7 8 12 13 14 16 17 18 29 30 31 32],0.878471105405093,18,0.384332514587664,0.76005134235815,0.800000112200585,12.4296211818721,0.355193085441004,0,1.2299128
ES_Qg75,0.75,0.4,0.2,12,0,12,[7 8 12 13 14 16 17 18 29 30 31 32],0.879606778384945,18,0.378139727455306,0.786447163929665,0.8,11.9832746490936,0.546477624572537,0,1.2635277
Qg_full_ES,1,0.4,0.2,12,0,12,[7 8 12 13 14 16 17 18 29 30 31 32],0.880738489161105,18,0.366719144235784,0.785753094393095,0.800000783905125,11.5405197737838,0.749677961621773,0,1.2517528
ES_only,0,0.4,0.2,16,0,16,[7 8 12 13 14 15 16 17 18 24 25 29 30 31 32 33],0.882270321467053,18,0.342203079116845,0.753991616160971,0.8,11.4384662737528,0,0,1.2176389
ES_Qg25,0.25,0.4,0.2,16,0,16,[7 8 12 13 14 15 16 17 18 24 25 29 30 31 32 33],0.883401757982237,18,0.334080862031509,0.784350356426327,0.8,10.9972755294814,0.178405133622341,0,1.3598641
ES_Qg50,0.5,0.4,0.2,16,0,16,[7 8 12 13 14 15 16 17 18 24 25 29 30 31 32 33],0.884529256445683,18,0.325922199855209,0.796955958591097,0.80000001700041,10.562521758799,0.365525466927627,0,1.3525593
ES_Qg75,0.75,0.4,0.2,16,0,16,[7 8 12 13 14 15 16 17 18 24 25 29 30 31 32 33],0.88565285683597,18,0.327093734800848,0.764010464937403,0.800000488268625,10.1529268948196,0.530670163707378,0,1.251094
Qg_full_ES,1,0.4,0.2,16,0,16,[7 8 12 13 14 15 16 17 18 24 25 29 30 31 32 33],0.886772572750206,18,0.313522558349671,0.779607004158385,0.8,9.77210373338947,0.728068469622603,0,1.2528079
ES_only,0,0.4,0.2,20,0,20,[7 8 9 10 11 12 13 14 15 16 17 18 24 25 28 29 30 31 32 33],0.887529613202946,18,0.319777372926855,0.766063470154144,0.8,10.0026550329079,0,0,1.1595613
ES_Qg25,0.25,0.4,0.2,20,0,20,[7 8 9 10 11 12 13 14 15 16 17 18 24 25 28 29 30 31 32 33],0.888650762248284,18,0.316289807856462,0.736939474090675,0.800002668705769,9.60975360734965,0.175540947756705,0,1.3584632
ES_Qg50,0.5,0.4,0.2,20,0,20,[7 8 9 10 11 12 13 14 15 16 17 18 24 25 28 29 30 31 32 33],0.889768017219665,18,0.308712991084489,0.767588544969694,0.8,9.24177358987777,0.354280587840089,0,1.1661327
ES_Qg75,0.75,0.4,0.2,20,0,20,[7 8 9 10 11 12 13 14 15 16 17 18 24 25 28 29 30 31 32 33],0.890881559938749,18,0.303382996041684,0.748010728357277,0.80000612483615,8.89795066431095,0.531061761566258,0,1.1439631
Qg_full_ES,1,0.4,0.2,20,0,20,[7 8 9 10 11 12 13 14 15 16 17 18 24 25 28 29 30 31 32 33],0.891991592880094,18,0.315321118670499,0.709368195041095,0.800037672350832,8.56424705853148,0.682929668274602,0,1.2923692
ES_only,0,0.4,0.2,24,0,24,[4 6 7 8 9 10 11 12 13 14 15 16 17 18 24 25 26 27 28 29 30 31 32 33],0.890286191187337,18,0.301760485095382,0.767925561130228,0.8,9.1219056559695,0,0,1.3039603
ES_Qg25,0.25,0.4,0.2,24,0,24,[4 6 7 8 9 10 11 12 13 14 15 16 17 18 24 25 26 27 28 29 30 31 32 33],0.891402176012939,18,0.293734515894748,0.779815165464852,0.800000501909623,8.77379783512829,0.17735355607572,0,1.3256517
ES_Qg50,0.5,0.4,0.2,24,0,24,[4 6 7 8 9 10 11 12 13 14 15 16 17 18 24 25 26 27 28 29 30 31 32 33],0.892514356934823,18,0.28830483590598,0.772862807021025,0.8,8.43104860636636,0.356039579326318,0,1.2605116
ES_Qg75,0.75,0.4,0.2,24,0,24,[4 6 7 8 9 10 11 12 13 14 15 16 17 18 24 25 26 27 28 29 30 31 32 33],0.893622860667657,18,0.294314369899159,0.742630616593765,0.800010535036471,8.0984322787247,0.510987841384278,0,1.38635
Qg_full_ES,1,0.4,0.2,24,0,24,[4 6 7 8 9 10 11 12 13 14 15 16 17 18 24 25 26 27 28 29 30 31 32 33],0.894727426395772,18,0.278864510690884,0.774136924976026,0.8,7.78857479627715,0.703449221958026,0,1.2400492
ES_only,0,0.4,0.2,28,0,28,[2 3 4 5 6 7 8 9 10 11 12 13 14 15 16 17 18 23 24 25 26 27 28 29 30 31 32 33],0.891312327862205,18,0.297452465620569,0.748939607409656,0.800002242642115,8.82251894975553,0,0,1.18879
ES_Qg25,0.25,0.4,0.2,28,0,28,[2 3 4 5 6 7 8 9 10 11 12 13 14 15 16 17 18 23 24 25 26 27 28 29 30 31 32 33],0.892426829305411,18,0.317372734489154,0.719252692821559,0.800028490647253,8.47719416080876,0.173927939122574,0,1.2167545
ES_Qg50,0.5,0.4,0.2,28,0,28,[2 3 4 5 6 7 8 9 10 11 12 13 14 15 16 17 18 23 24 25 26 27 28 29 30 31 32 33],0.893537060272141,18,0.280374021347328,0.773834660262532,0.800000335506527,8.13957289717591,0.351354145434353,0,1.2353481
ES_Qg75,0.75,0.4,0.2,28,0,28,[2 3 4 5 6 7 8 9 10 11 12 13 14 15 16 17 18 23 24 25 26 27 28 29 30 31 32 33],0.894643797308596,18,0.281225337968865,0.750665336711069,0.800003048199606,7.81785313484023,0.511731009737731,0,1.154207
Qg_full_ES,1,0.4,0.2,28,0,28,[2 3 4 5 6 7 8 9 10 11 12 13 14 15 16 17 18 23 24 25 26 27 28 29 30 31 32 33],0.895746768875909,18,0.268083564020693,0.774192094540245,0.800000059656653,7.51757441130887,0.710695299208325,0,1.1676604
ES_only,0,0.4,0.2,32,0,32,[2 3 4 5 6 7 8 9 10 11 12 13 14 15 16 17 18 19 20 21 22 23 24 25 26 27 28 29 30 31 32 33],0.891480645154569,18,0.302802680053078,0.709948874620159,0.8,8.77340873800068,0,0,1.0102763
ES_Qg25,0.25,0.4,0.2,32,0,32,[2 3 4 5 6 7 8 9 10 11 12 13 14 15 16 17 18 19 20 21 22 23 24 25 26 27 28 29 30 31 32 33],0.892594662095653,18,0.311347861776297,0.713177039167199,0.8,8.42845591441162,0.175815187277676,0,1.0486877
ES_Qg50,0.5,0.4,0.2,32,0,32,[2 3 4 5 6 7 8 9 10 11 12 13 14 15 16 17 18 19 20 21 22 23 24 25 26 27 28 29 30 31 32 33],0.893704881706533,18,0.300036977231362,0.690371098348674,0.8,8.09166376379074,0.348252265883174,0,1.0173622
ES_Qg75,0.75,0.4,0.2,32,0,32,[2 3 4 5 6 7 8 9 10 11 12 13 14 15 16 17 18 19 20 21 22 23 24 25 26 27 28 29 30 31 32 33],0.894811338486453,18,0.28792403167312,0.688921973844568,0.8,7.77324607937059,0.525615615101605,0,1.1536074
Qg_full_ES,1,0.4,0.2,32,0,32,[2 3 4 5 6 7 8 9 10 11 12 13 14 15 16 17 18 19 20 21 22 23 24 25 26 27 28 29 30 31 32 33],0.895914093228006,18,0.277011042313517,0.697653827174511,0.800000591536873,7.47297511979033,0.710055059338434,0,1.0526999
ES_only,0,0.5,0,4,0,4,[8 14 30 32],0.862548533368501,18,0.431521785002329,0.926498834116887,1.00000002365897,15.6708263189184,0,0,1.1384623
ES_Qg25,0.25,0.5,0,4,0,4,[8 14 30 32],0.863714101782839,18,0.426010882828257,0.943416818456559,1,15.1781382262971,0.176837238725324,0,1.1623327
ES_Qg50,0.5,0.5,0,4,0,4,[8 14 30 32],0.864875434511332,18,0.413835497771569,0.97080207406128,1.00000177284059,14.6942985937012,0.352772164655584,0,1.305348
ES_Qg75,0.75,0.5,0,4,0,4,[8 14 30 32],0.866032468055314,18,0.402345052359187,0.99725738878857,1.0000005650452,14.2234199312823,0.566337496000228,0,1.1692903
Qg_full_ES,1,0.5,0,4,0,4,[8 14 30 32],0.867185418788835,18,0.420088721082273,0.925731215788278,1.00000132552287,13.7667900121684,0.70487687317236,0,1.2960254
ES_only,0,0.5,0,8,0,8,[7 8 14 18 29 30 31 32],0.882471475351927,18,0.328943636592207,0.98967345641462,1.00000001167796,9.93505143837894,0,0,1.1700073
ES_Qg25,0.25,0.5,0,8,0,8,[7 8 14 18 29 30 31 32],0.883593429835378,18,0.321938129342995,0.996743547827466,1,9.54449169575704,0.181818170132451,0,1.0990597
ES_Qg50,0.5,0.5,0,8,0,8,[7 8 14 18 29 30 31 32],0.884711538951202,18,0.314197586784073,0.992603200857582,1,9.17693340845262,0.369795565201251,0,1.3399346
ES_Qg75,0.75,0.5,0,8,0,8,[7 8 14 18 29 30 31 32],0.885825830394899,18,0.309498475316981,0.988995316802065,1,8.83143664636879,0.541012291080747,0,1.2169461
Qg_full_ES,1,0.5,0,8,0,8,[7 8 14 18 29 30 31 32],0.886936336764218,18,0.306949119610085,0.997852344706913,1,8.53883704263432,0.731411329721885,0,1.0847977
ES_only,0,0.5,0,12,0,12,[7 8 12 13 14 16 17 18 29 30 31 32],0.899739092194002,18,0.286085184135804,0.991061953189799,1.00000022270403,6.92261375330596,0,0,1.2448536
ES_Qg25,0.25,0.5,0,12,0,12,[7 8 12 13 14 16 17 18 29 30 31 32],0.900828680949071,18,0.277606213737863,0.993171434169786,1.0000000234053,6.66508194791317,0.17410134380586,0,1.1558148
ES_Qg50,0.5,0.5,0,12,0,12,[7 8 12 13 14 16 17 18 29 30 31 32],0.901914705907035,18,0.276544675187877,0.956765401571577,1.00000104467976,6.43808715588783,0.336390148509217,0,1.2526244
ES_Qg75,0.75,0.5,0,12,0,12,[7 8 12 13 14 16 17 18 29 30 31 32],0.902997127190029,18,0.265801500252567,0.994529399058021,1,6.23554471588746,0.567940753584901,0,1.1925845
Qg_full_ES,1,0.5,0,12,0,12,[7 8 12 13 14 16 17 18 29 30 31 32],0.90407603144412,18,0.260787836101654,0.994276402734759,1,6.06415356727266,0.717328287278258,0,1.3849688
ES_only,0,0.5,0,16,0,16,[7 8 12 13 14 15 16 17 18 24 25 29 30 31 32 33],0.908785119753037,18,0.213371182754005,0.976335760293297,1,5.19849495404632,0,0,1.2744406
ES_Qg25,0.25,0.5,0,16,0,16,[7 8 12 13 14 15 16 17 18 24 25 29 30 31 32 33],0.909858354147239,18,0.20692075570629,0.991217455808296,1,5.03914178652297,0.146221192111636,0,1.3700788
ES_Qg50,0.5,0.5,0,16,0,16,[7 8 12 13 14 15 16 17 18 24 25 29 30 31 32 33],0.91092812849131,18,0.204469558621546,0.988660361809299,1,4.88017503552824,0.3102988017416,0,1.2091575
ES_Qg75,0.75,0.5,0,16,0,16,[7 8 12 13 14 15 16 17 18 24 25 29 30 31 32 33],0.911994481776518,18,0.195504191374293,0.997874636885979,1,4.72159010041274,0.536208984646619,0,1.1991165
Qg_full_ES,1,0.5,0,16,0,16,[7 8 12 13 14 15 16 17 18 24 25 29 30 31 32 33],0.913057432523592,18,0.189979165023346,0.999404629734466,1,4.56338631739954,0.733246210284615,0,1.3577643
ES_only,0,0.5,0,20,0,20,[7 8 9 10 11 12 13 14 15 16 17 18 24 25 28 29 30 31 32 33],0.916579046925781,18,0.189543559188738,0.955038406200086,1,4.02553129490669,0,0,1.1561163
ES_Qg25,0.25,0.5,0,20,0,20,[7 8 9 10 11 12 13 14 15 16 17 18 24 25 28 29 30 31 32 33],0.917638688439917,18,0.181386066208215,0.993653955261123,1,3.86696699018904,0.153822608971606,0,1.2894022
ES_Qg50,0.5,0.5,0,20,0,20,[7 8 9 10 11 12 13 14 15 16 17 18 24 25 28 29 30 31 32 33],0.918694987809928,18,0.174349259111312,0.996352762072716,1.00000002038541,3.71300348327401,0.346850322219034,0,1.2071036
ES_Qg75,0.75,0.5,0,20,0,20,[7 8 9 10 11 12 13 14 15 16 17 18 24 25 28 29 30 31 32 33],0.919747966878044,18,0.172810667637781,0.986463834609295,1,3.5601886187897,0.487846591366052,0,1.3082686
Qg_full_ES,1,0.5,0,20,0,20,[7 8 9 10 11 12 13 14 15 16 17 18 24 25 28 29 30 31 32 33],0.920797651639903,18,0.166852750452664,0.992381076614736,1,3.40773100579879,0.683911830168143,0,1.3312616
ES_only,0,0.5,0,24,0,24,[4 6 7 8 9 10 11 12 13 14 15 16 17 18 24 25 26 27 28 29 30 31 32 33],0.920661557850067,18,0.163213621151527,0.997214710698449,1,3.26555243448853,0,0,1.4728634
ES_Qg25,0.25,0.5,0,24,0,24,[4 6 7 8 9 10 11 12 13 14 15 16 17 18 24 25 26 27 28 29 30 31 32 33],0.921714489357353,18,0.160077231523478,0.993365170210925,1,3.12349910707982,0.160158621774882,0,1.2378846
ES_Qg50,0.5,0.5,0,24,0,24,[4 6 7 8 9 10 11 12 13 14 15 16 17 18 24 25 26 27 28 29 30 31 32 33],0.922764135750207,18,0.161383687949621,0.965195140480458,1,2.98590547450147,0.28111260360609,0,1.2734357
ES_Qg75,0.75,0.5,0,24,0,24,[4 6 7 8 9 10 11 12 13 14 15 16 17 18 24 25 26 27 28 29 30 31 32 33],0.923810521661117,18,0.152785869779897,0.982908121770891,1.0000002654276,2.84981228750975,0.508219355544856,0,1.1164744
Qg_full_ES,1,0.5,0,24,0,24,[4 6 7 8 9 10 11 12 13 14 15 16 17 18 24 25 26 27 28 29 30 31 32 33],0.92485366343355,18,0.147909877714607,0.990461205320429,1,2.71402584876051,0.70561594591932,0,1.2358764
ES_only,0,0.5,0,28,0,28,[2 3 4 5 6 7 8 9 10 11 12 13 14 15 16 17 18 23 24 25 26 27 28 29 30 31 32 33],0.922191188319829,18,0.163097919851841,0.924440328523589,1,3.01943555085422,0,0,1.0986335
ES_Qg25,0.25,0.5,0,28,0,28,[2 3 4 5 6 7 8 9 10 11 12 13 14 15 16 17 18 23 24 25 26 27 28 29 30 31 32 33],0.923241859351964,18,0.154264305381818,0.976569536671138,1,2.88280605800786,0.139557535667233,0,1.2613933
ES_Qg50,0.5,0.5,0,28,0,28,[2 3 4 5 6 7 8 9 10 11 12 13 14 15 16 17 18 23 24 25 26 27 28 29 30 31 32 33],0.924289269438709,18,0.146678769731704,0.991154962687611,1,2.74648421512367,0.333337692497538,0,1.2106177
ES_Qg75,0.75,0.5,0,28,0,28,[2 3 4 5 6 7 8 9 10 11 12 13 14 15 16 17 18 23 24 25 26 27 28 29 30 31 32 33],0.925333432029849,18,0.14088464289493,0.994404802669644,1,2.61046934487013,0.544642648134128,0,1.2961631
Qg_full_ES,1,0.5,0,28,0,28,[2 3 4 5 6 7 8 9 10 11 12 13 14 15 16 17 18 23 24 25 26 27 28 29 30 31 32 33],0.926374373190139,18,0.142453080515633,0.972743120401092,1,2.47475930373016,0.646897511384429,0,1.2399851
ES_only,0,0.5,0,32,0,32,[2 3 4 5 6 7 8 9 10 11 12 13 14 15 16 17 18 19 20 21 22 23 24 25 26 27 28 29 30 31 32 33],0.922443513701104,18,0.195978639486394,0.781931250836661,1,2.97987580794805,0,0,1.0262428
ES_Qg25,0.25,0.5,0,32,0,32,[2 3 4 5 6 7 8 9 10 11 12 13 14 15 16 17 18 19 20 21 22 23 24 25 26 27 28 29 30 31 32 33],0.923493859739817,18,0.183697564985454,0.776013058668579,1,2.84325348173068,0.126541311890928,0,1.0526765
ES_Qg50,0.5,0.5,0,32,0,32,[2 3 4 5 6 7 8 9 10 11 12 13 14 15 16 17 18 19 20 21 22 23 24 25 26 27 28 29 30 31 32 33],0.924540932002914,18,0.180176905309435,0.780446546205718,1.00000004378553,2.70693915475059,0.269363140133272,0,0.9912809
ES_Qg75,0.75,0.5,0,32,0,32,[2 3 4 5 6 7 8 9 10 11 12 13 14 15 16 17 18 19 20 21 22 23 24 25 26 27 28 29 30 31 32 33],0.925584754715332,18,0.17558827009639,0.771571152011857,1,2.57093329120212,0.418453313497689,0,1.0431852
Qg_full_ES,1,0.5,0,32,0,32,[2 3 4 5 6 7 8 9 10 11 12 13 14 15 16 17 18 19 20 21 22 23 24 25 26 27 28 29 30 31 32 33],0.926625362465933,18,0.176824273243667,0.767793790011857,1.00000026073423,2.43750564139205,0.57082288219321,0,0.9897583
ES_only,0,0.5,0.2,4,0,4,[8 14 30 32],0.856453535023454,18,0.468747101255674,0.791693029589812,0.8,17.9699270408072,0,0,1.2608571
ES_Qg25,0.25,0.5,0.2,4,0,4,[8 14 30 32],0.857637800834836,18,0.541254974433812,0.753742174361526,0.800022621909604,17.4689658411004,0.177274791818136,0,1.269613
ES_Qg50,0.5,0.5,0.2,4,0,4,[8 14 30 32],0.858816202951003,18,0.499455783167378,0.741903280495193,0.800004358401771,16.9697327198824,0.352959809746503,0,1.3114561
ES_Qg75,0.75,0.5,0.2,4,0,4,[8 14 30 32],0.859990705130467,18,0.451690180053379,0.745323663764642,0.800000811370607,16.4715042476637,0.52949730994358,0,1.3336795
Qg_full_ES,1,0.5,0.2,4,0,4,[8 14 30 32],0.861161015775929,18,0.436800562826171,0.778972999253772,0.8,15.9744111631083,0.715707352745645,0,1.1959171
ES_only,0,0.5,0.2,8,0,8,[7 8 14 18 29 30 31 32],0.872691907558437,18,0.387028759155543,0.7644668790935,0.800001769979173,13.0373656148116,0,0,1.1746613
ES_Qg25,0.25,0.5,0.2,8,0,8,[7 8 14 18 29 30 31 32],0.873838319422975,18,0.37714317412298,0.796510783484633,0.8,12.589876437755,0.17767736382788,0,1.2799249
ES_Qg50,0.5,0.5,0.2,8,0,8,[7 8 14 18 29 30 31 32],0.874980692630883,18,0.367169835054649,0.782981244522502,0.8,12.1461778582451,0.359465715500752,0,1.3258059
ES_Qg75,0.75,0.5,0.2,8,0,8,[7 8 14 18 29 30 31 32],0.876119060868022,18,0.360797820731809,0.788455427913116,0.800000863241441,11.709294815473,0.551788762253398,0,1.2865602
Qg_full_ES,1,0.5,0.2,8,0,8,[7 8 14 18 29 30 31 32],0.877253387883016,18,0.354123339467965,0.795962407633662,0.800000287770059,11.2847617786567,0.738278249529541,0,1.3909699
ES_only,0,0.5,0.2,12,0,12,[7 8 12 13 14 16 17 18 29 30 31 32],0.886808118210158,18,0.347839844880861,0.745093341388074,0.8,10.1741610811898,0,0,1.1540042
ES_Qg25,0.25,0.5,0.2,12,0,12,[7 8 12 13 14 16 17 18 29 30 31 32],0.887926755006832,18,0.341750189653376,0.775832657250112,0.800000127803186,9.76700504771917,0.176599139787291,0,1.3021803
ES_Qg50,0.5,0.5,0.2,12,0,12,[7 8 12 13 14 16 17 18 29 30 31 32],0.889041573615027,18,0.330045887753059,0.778663068110327,0.800000163076141,9.39579956532873,0.360290468230256,0,1.4702638
ES_Qg75,0.75,0.5,0.2,12,0,12,[7 8 12 13 14 16 17 18 29 30 31 32],0.890152584087025,18,0.327280624712283,0.775991442456758,0.8,9.05057956029471,0.540304014414545,0,1.2252866
Qg_full_ES,1,0.5,0.2,12,0,12,[7 8 12 13 14 16 17 18 29 30 31 32],0.891259829227658,18,0.318018995945444,0.780559188153767,0.800001165013211,8.71367960915912,0.731168142722238,0,1.2126289
ES_only,0,0.5,0.2,16,0,16,[7 8 12 13 14 15 16 17 18 24 25 29 30 31 32 33],0.894241205734252,18,0.28829472866756,0.739699788414237,0.800000104937448,8.13966866787737,0,0,1.2127741
ES_Qg25,0.25,0.5,0.2,16,0,16,[7 8 12 13 14 15 16 17 18 24 25 29 30 31 32 33],0.895345578831209,18,0.278789954912037,0.768917339372945,0.800001514802628,7.82010096296197,0.166955871287574,0,1.2502386
ES_Qg50,0.5,0.5,0.2,16,0,16,[7 8 12 13 14 15 16 17 18 24 25 29 30 31 32 33],0.89644628285347,18,0.277872328732836,0.757278209304352,0.800002933332877,7.50335924035932,0.33445385309442,0,1.4367326
ES_Qg75,0.75,0.5,0.2,16,0,16,[7 8 12 13 14 15 16 17 18 24 25 29 30 31 32 33],0.897543220344079,18,0.264187184208862,0.775297185925045,0.800001443265368,7.20559311095898,0.520251742700684,0,1.5448232
Qg_full_ES,1,0.5,0.2,16,0,16,[7 8 10 12 13 14 15 16 17 18 24 25 29 30 31 32],0.899608962085264,18,0.258584147740521,0.778867111744992,0.8,6.96405191894418,0.701710053692011,0,1.2056836
ES_only,0,0.5,0.2,20,0,20,[7 8 9 10 11 12 13 14 15 16 17 18 24 25 28 29 30 31 32 33],0.900657549610914,18,0.254083610544937,0.782338819599033,0.8,6.73327606941825,0,0,1.2798033
ES_Qg25,0.25,0.5,0.2,20,0,20,[7 8 9 10 11 12 13 14 15 16 17 18 24 25 28 29 30 31 32 33],0.901749992917668,18,0.250053122773676,0.776974911363806,0.800000217614737,6.46514018557738,0.167006957037624,0,1.2610279
ES_Qg50,0.5,0.5,0.2,20,0,20,[7 8 9 10 11 12 13 14 15 16 17 18 24 25 28 29 30 31 32 33],0.90283882354405,18,0.24321905382052,0.780671689706323,0.8,6.25208637131406,0.345022225742514,0,1.2323174
ES_Qg75,0.75,0.5,0.2,20,0,20,[7 8 9 10 11 12 13 14 15 16 17 18 24 25 28 29 30 31 32 33],0.903924067490117,18,0.241319484983071,0.757585363393287,0.80000015685631,6.06201888667187,0.501527838258423,0,1.3221732
Qg_full_ES,1,0.5,0.2,20,0,20,[7 8 9 10 11 12 13 14 15 16 17 18 24 25 28 29 30 31 32 33],0.905005778040377,18,0.23460977068229,0.770744582183762,0.8,5.90206355858643,0.658687695869489,0,1.2307003
ES_only,0,0.5,0.2,24,0,24,[4 6 7 8 9 10 11 12 13 14 15 16 17 18 24 25 26 27 28 29 30 31 32 33],0.904019374493085,18,0.238131346461296,0.749825988595802,0.8,5.93026399448978,0,0,1.1718085
ES_Qg25,0.25,0.5,0.2,24,0,24,[4 6 7 8 9 10 11 12 13 14 15 16 17 18 24 25 26 27 28 29 30 31 32 33],0.905105893707929,18,0.227141436298213,0.794370663248757,0.800000071323808,5.73376750831208,0.175208010503396,0,1.2967651
ES_Qg50,0.5,0.5,0.2,24,0,24,[4 6 7 8 9 10 11 12 13 14 15 16 17 18 24 25 26 27 28 29 30 31 32 33],0.906188867426427,18,0.230682310510803,0.767792530991109,0.800000259837263,5.56904217728064,0.300657609337675,0,1.1898054
ES_Qg75,0.75,0.5,0.2,24,0,24,[4 6 7 8 9 10 11 12 13 14 15 16 17 18 24 25 26 27 28 29 30 31 32 33],0.907268299693073,18,0.225864131944356,0.75546038402342,0.8,5.40903635200756,0.445732862373632,0,1.3681836
Qg_full_ES,1,0.5,0.2,24,0,24,[4 6 7 8 9 10 11 12 13 14 15 16 17 18 24 25 26 27 28 29 30 31 32 33],0.908344237137355,18,0.212705742759619,0.782595898056287,0.8,5.24941959712062,0.665668899088171,0,1.1685021
ES_only,0,0.5,0.2,28,0,28,[2 3 4 5 6 7 8 9 10 11 12 13 14 15 16 17 18 23 24 25 26 27 28 29 30 31 32 33],0.905274520630226,18,0.227794545130605,0.755399841129444,0.8,5.66710260624368,0,0,1.3562883
ES_Qg25,0.25,0.5,0.2,28,0,28,[2 3 4 5 6 7 8 9 10 11 12 13 14 15 16 17 18 23 24 25 26 27 28 29 30 31 32 33],0.906359048717606,18,0.223561900432797,0.756453425218651,0.8,5.49116608621347,0.145554164062523,0,1.4189964
ES_Qg50,0.5,0.5,0.2,28,0,28,[2 3 4 5 6 7 8 9 10 11 12 13 14 15 16 17 18 23 24 25 26 27 28 29 30 31 32 33],0.907440053004803,18,0.215485288306538,0.776265925035479,0.8,5.3308553685216,0.319582055760891,0,1.3575445
ES_Qg75,0.75,0.5,0.2,28,0,28,[2 3 4 5 6 7 8 9 10 11 12 13 14 15 16 17 18 23 24 25 26 27 28 29 30 31 32 33],0.908517543894101,18,0.209419615753309,0.777368433551859,0.8,5.17093619495236,0.49868590319808,0,1.3095828
Qg_full_ES,1,0.5,0.2,28,0,28,[2 3 4 5 6 7 8 9 10 11 12 13 14 15 16 17 18 23 24 25 26 27 28 29 30 31 32 33],0.909591549534068,18,0.205362801750135,0.768972457340992,0.8,5.01140582450469,0.641005563052353,0,1.173219
ES_only,0,0.5,0.2,32,0,32,[2 3 4 5 6 7 8 9 10 11 12 13 14 15 16 17 18 19 20 21 22 23 24 25 26 27 28 29 30 31 32 33],0.905480959111458,18,0.258872557187568,0.683217407620514,0.800000556572651,5.62376246878125,0,0,1.0560072
ES_Qg25,0.25,0.5,0.2,32,0,32,[2 3 4 5 6 7 8 9 10 11 12 13 14 15 16 17 18 19 20 21 22 23 24 25 26 27 28 29 30 31 32 33],0.906565139646694,18,0.250263129731342,0.667122126180244,0.799999999586146,5.45194302069432,0.147704377616891,0,0.977083
ES_Qg50,0.5,0.5,0.2,32,0,32,[2 3 4 5 6 7 8 9 10 11 12 13 14 15 16 17 18 19 20 21 22 23 24 25 26 27 28 29 30 31 32 33],0.907645911681723,18,0.242075657406915,0.635192690861364,0.800000660183979,5.29163624726395,0.297059153740847,0,1.065049
ES_Qg75,0.75,0.5,0.2,32,0,32,[2 3 4 5 6 7 8 9 10 11 12 13 14 15 16 17 18 19 20 21 22 23 24 25 26 27 28 29 30 31 32 33],0.908723057615116,18,0.235563520033472,0.642397966674639,0.800000339914744,5.13173159735029,0.453998428301356,0,1.0063608
Qg_full_ES,1,0.5,0.2,32,0,32,[2 3 4 5 6 7 8 9 10 11 12 13 14 15 16 17 18 19 20 21 22 23 24 25 26 27 28 29 30 31 32 33],0.909796804626657,18,0.230705103350506,0.6380177373905,0.8,4.97220746772562,0.611933508295758,0,0.9787508
ES_only,0,0.6,0,4,0,4,[8 14 30 32],0.868533262342032,18,0.389480080675061,0.999451682995436,1,13.4692207218286,0,0,1.2464776
ES_Qg25,0.25,0.6,0,4,0,4,[8 14 30 32],0.86968175282853,18,0.381343270617575,0.991166793447005,1,13.017112915251,0.178061675066296,0,1.3531089
ES_Qg50,0.5,0.6,0,4,0,4,[8 14 30 32],0.87082620553884,18,0.374723036664582,0.983718030538688,1,12.5733625445772,0.356912824625327,0,1.3649409
ES_Qg75,0.75,0.6,0,4,0,4,[8 14 30 32],0.871966522273737,18,0.373597894852693,0.959400662605881,1,12.1411949338966,0.532548394276264,0,1.2708747
Qg_full_ES,1,0.6,0,4,0,4,[8 14 30 32],0.873102874411887,18,0.361661883417046,0.997576445100336,1.00000013902817,11.7180651773136,0.736567030921315,0,1.3613624
ES_only,0,0.6,0,8,0,8,[7 8 14 18 29 30 31 32],0.892017861014512,18,0.280953679082568,0.975801784255762,1,7.44466390206081,0,0,1.2911464
ES_Qg25,0.25,0.6,0,8,0,8,[7 8 14 18 29 30 31 32],0.89311697656219,18,0.27420635791649,0.987819312488606,1.00000010780515,7.16488781887778,0.177088175344478,0,1.3067335
ES_Qg50,0.5,0.6,0,8,0,8,[7 8 14 18 29 30 31 32],0.894212530249334,18,0.278638587775509,0.968847037902728,1.00000233284604,6.89390480136816,0.343917296290438,0,1.4854402
ES_Qg75,0.75,0.6,0,8,0,8,[7 8 14 18 29 30 31 32],0.895304267407834,18,0.261652279424894,0.996170500757993,1.00000011051317,6.62931671819262,0.56191176693538,0,1.4386657
Qg_full_ES,1,0.6,0,8,0,8,[7 8 14 18 29 30 31 32],0.896392503367095,18,0.260318872694136,0.993370587677998,1.00000027206169,6.3798732850128,0.720798341545736,0,1.2857509
ES_only,0,0.6,0,12,0,12,[7 8 12 13 14 16 17 18 29 30 31 32],0.912316531818945,18,0.233434483229928,0.988427819343262,1,4.72346437013554,0,0,1.1939975
ES_Qg25,0.25,0.6,0,12,0,12,[7 8 12 13 14 16 17 18 29 30 31 32],0.913379331469611,18,0.227389111536486,0.995346790364801,1,4.56526479934964,0.159314102772361,0,1.2605085
ES_Qg50,0.5,0.6,0,12,0,12,[7 8 12 13 14 16 17 18 29 30 31 32],0.914438753340236,18,0.226194475853254,0.972117708424278,1,4.40744369585934,0.304936863528828,0,1.2453422
ES_Qg75,0.75,0.6,0,12,0,12,[7 8 12 13 14 16 17 18 29 30 31 32],0.915494832246152,18,0.219569505653032,0.994985775277245,1,4.24999780311426,0.491181959383529,0,1.2295387
Qg_full_ES,1,0.6,0,12,0,12,[7 8 12 13 14 16 17 18 29 30 31 32],0.916547610491708,18,0.21443638480959,0.988572060186683,1,4.09292300543435,0.687256770057244,0,1.3168104
ES_only,0,0.6,0,16,0,16,[7 8 12 13 14 15 16 17 18 24 25 29 30 31 32 33],0.922901327921311,18,0.155827850488671,0.993870372792124,1,2.98530870587981,0,0,1.2185791
ES_Qg25,0.25,0.6,0,16,0,16,[7 8 12 13 14 15 16 17 18 24 25 29 30 31 32 33],0.923946047916078,18,0.152072425634543,0.994857179559566,1,2.84422638758383,0.152268256035407,0,1.2217744
ES_Qg50,0.5,0.6,0,16,0,16,[7 8 12 13 14 15 16 17 18 24 25 29 30 31 32 33],0.924987544774758,18,0.146259301149372,0.994772110539653,1.00000020081603,2.70861433400199,0.327401317071787,0,1.2035395
ES_Qg75,0.75,0.6,0,16,0,16,[7 8 12 13 14 15 16 17 18 24 25 29 30 31 32 33],0.926025820212146,18,0.143587318758546,0.988114285295796,1.00000018396986,2.57343524328701,0.473779083568668,0,1.3745703
Qg_full_ES,1,0.6,0,16,0,16,[7 8 12 13 14 15 16 17 18 24 25 29 30 31 32 33],0.927060911370598,18,0.13904543250542,0.994546343200456,1,2.43855768596934,0.690470836032685,0,1.2865991
ES_only,0,0.6,0,20,0,20,[7 8 9 10 11 12 13 14 15 16 17 18 24 25 28 29 30 31 32 33],0.932005334601878,18,0.129033260279602,0.987199088470714,1,1.79404366908203,0,0,1.2472722
ES_Qg25,0.25,0.6,0,20,0,20,[7 8 9 10 11 12 13 14 15 16 17 18 24 25 28 29 30 31 32 33],0.933035097199909,18,0.124230372614208,0.996933763362641,1,1.66513709434456,0.161054220047781,0,1.2537227
ES_Qg50,0.5,0.6,0,20,0,20,[7 8 9 10 11 12 13 14 15 16 17 18 24 25 28 29 30 31 32 33],0.934061744515741,18,0.123799347014881,0.987359718883973,1,1.53651195090448,0.307860987449383,0,1.3032107
ES_Qg75,0.75,0.6,0,20,0,20,[7 8 9 10 11 12 13 14 15 16 17 18 24 25 28 29 30 31 32 33],0.935085303545672,18,0.118785112857147,0.986832657910366,1,1.40816617301313,0.489812398036487,0,1.1329509
Qg_full_ES,1,0.6,0,20,0,20,[7 8 9 10 11 12 13 14 15 16 17 18 24 25 28 29 30 31 32 33],0.936105786134371,18,0.113709897497483,0.98927547112176,1,1.28401413074059,0.674222987135463,0,1.2737409
ES_only,0,0.6,0,24,0,24,[4 6 7 8 9 10 11 12 13 14 15 16 17 18 24 25 26 27 28 29 30 31 32 33],0.936773561645559,18,0.10772051399435,0.996263872333279,1,1.0940184922017,0,0,1.165189
ES_Qg25,0.25,0.6,0,24,0,24,[4 6 7 8 9 10 11 12 13 14 15 16 17 18 24 25 26 27 28 29 30 31 32 33],0.937795979058212,18,0.103604528866769,0.998788731656031,1,0.978620250310641,0.172084497214233,0,1.3699674
ES_Qg50,0.5,0.6,0,24,0,24,[4 6 7 8 9 10 11 12 13 14 15 16 17 18 24 25 26 27 28 29 30 31 32 33],0.938815342139614,18,0.101759836088075,0.996246250618676,1,0.863466468855642,0.367276640482014,0,1.2503533
ES_Qg75,0.75,0.6,0,24,0,24,[4 6 7 8 9 10 11 12 13 14 15 16 17 18 24 25 26 27 28 29 30 31 32 33],0.939831670406358,18,0.096913430327643,0.996774657567893,1,0.753205629345329,0.559361662691525,0,1.1448225
Qg_full_ES,1,0.6,0,24,0,24,[4 6 7 8 9 10 11 12 13 14 15 16 17 18 24 25 26 27 28 29 30 31 32 33],0.940844988097989,18,0.0951037078335402,0.991616995103152,1,0.652591989993655,0.684264969514175,0,1.224024
ES_only,0,0.6,0,28,0,28,[2 3 4 5 6 7 8 9 10 11 12 13 14 15 16 17 18 23 24 25 26 27 28 29 30 31 32 33],0.938566185831411,18,0.0989688574606777,0.995712548387384,1,0.858700681181774,0,0,1.4146589
ES_Qg25,0.25,0.6,0,28,0,28,[2 3 4 5 6 7 8 9 10 11 12 13 14 15 16 17 18 23 24 25 26 27 28 29 30 31 32 33],0.939586122821393,18,0.098528837973555,0.989100815721184,1,0.750628458064097,0.152834979367881,0,1.2066704
ES_Qg50,0.5,0.6,0,28,0,28,[2 3 4 5 6 7 8 9 10 11 12 13 14 15 16 17 18 23 24 25 26 27 28 29 30 31 32 33],0.940603025552369,18,0.0910249062108754,0.998411177399449,1,0.65058600318272,0.376476217286189,0,1.2302891
ES_Qg75,0.75,0.6,0,28,0,28,[2 3 4 5 6 7 8 9 10 11 12 13 14 15 16 17 18 23 24 25 26 27 28 29 30 31 32 33],0.941616915068882,18,0.0882674697732441,0.995987733626184,1,0.556903686170479,0.552821392953551,0,1.3352947
Qg_full_ES,1,0.6,0,28,0,28,[2 3 4 5 6 7 8 9 10 11 12 13 14 15 16 17 18 23 24 25 26 27 28 29 30 31 32 33],0.942627811281769,18,0.0891100601349476,0.988800340674525,1,0.467148114136138,0.69652164083,0,1.4297078
ES_only,0,0.6,0,32,0,32,[2 3 4 5 6 7 8 9 10 11 12 13 14 15 16 17 18 19 20 21 22 23 24 25 26 27 28 29 30 31 32 33],0.938862773898248,18,0.152198329256665,0.78233702604422,1.00000018083066,0.821463297388455,0,0,1.2056513
ES_Qg25,0.25,0.6,0,32,0,32,[2 3 4 5 6 7 8 9 10 11 12 13 14 15 16 17 18 19 20 21 22 23 24 25 26 27 28 29 30 31 32 33],0.939882335967372,18,0.141069133489827,0.780360437947696,1,0.717225554584674,0.128509147510922,0,1.2054029
ES_Qg50,0.5,0.6,0,32,0,32,[2 3 4 5 6 7 8 9 10 11 12 13 14 15 16 17 18 19 20 21 22 23 24 25 26 27 28 29 30 31 32 33],0.940898873169712,18,0.140075172699151,0.767704895207889,1.00000022252816,0.618504364633369,0.270016805493608,0,1.174159
ES_Qg75,0.75,0.6,0,32,0,32,[2 3 4 5 6 7 8 9 10 11 12 13 14 15 16 17 18 19 20 21 22 23 24 25 26 27 28 29 30 31 32 33],0.941912384637349,18,0.139632575435623,0.749201282949302,1,0.526295050728366,0.411083613229915,0,1.3303579
Qg_full_ES,1,0.6,0,32,0,32,[2 3 4 5 6 7 8 9 10 11 12 13 14 15 16 17 18 19 20 21 22 23 24 25 26 27 28 29 30 31 32 33],0.942922912726304,18,0.133336595022693,0.754867044545953,1,0.439327101154222,0.558444581235838,0,1.0623904
ES_only,0,0.6,0.2,4,0,4,[8 14 30 32],0.861338551732118,18,0.434740328201849,0.796941577820295,0.8,16.1259452211009,0,0,1.2046628
ES_Qg25,0.25,0.6,0.2,4,0,4,[8 14 30 32],0.862507587216887,18,0.431070176440694,0.742290210173134,0.8,15.6305194540111,0.176753722814555,0,1.5459058
ES_Qg50,0.5,0.6,0.2,4,0,4,[8 14 30 32],0.863672360157699,18,0.420652199988151,0.794177451949872,0.8,15.1389962236209,0.357417664932978,0,0.9773074
ES_Qg75,0.75,0.6,0.2,4,0,4,[8 14 30 32],0.864832892771476,18,0.413489042310029,0.795158068021235,0.8,14.6585414262897,0.537207371593021,0,0.9410404
Qg_full_ES,1,0.6,0.2,4,0,4,[8 14 30 32],0.865989242014865,18,0.403775855578737,0.795042251614408,0.800000180095006,14.190421765117,0.749547824434455,0,1.1665039
ES_only,0,0.6,0.2,8,0,8,[7 8 14 18 29 30 31 32],0.880534767910226,18,0.341963663211573,0.753128898471377,0.8,10.5257551851446,0,0,1.33317
ES_Qg25,0.25,0.6,0.2,8,0,8,[7 8 14 18 29 30 31 32],0.8816614886761,18,0.331293037981695,0.796450842386735,0.8,10.116280584459,0.189234155185548,0,1.2931521
ES_Qg50,0.5,0.6,0.2,8,0,8,[7 8 14 18 29 30 31 32],0.882784308589625,18,0.324202698702141,0.796116141168331,0.8,9.72649910499176,0.377710720255231,0,1.5956214
ES_Qg75,0.75,0.6,0.2,8,0,8,[7 8 14 18 29 30 31 32],0.883903397102065,18,0.327550011558154,0.766324394492359,0.80000296633343,9.35914730823111,0.535809614885351,0,1.4731472
Qg_full_ES,1,0.6,0.2,8,0,8,[7 8 14 18 29 30 31 32],0.885018448352823,18,0.314176332174616,0.794453498450309,0.800000808588847,9.00764251538484,0.731514270637423,0,1.4643979
ES_only,0,0.6,0.2,12,0,12,[7 8 12 13 14 16 17 18 29 30 31 32],0.897182121773318,18,0.298471080108284,0.782302611498294,0.80000005993468,7.51671565982019,0,0,1.3822134
ES_Qg25,0.25,0.6,0.2,12,0,12,[7 8 12 13 14 16 17 18 29 30 31 32],0.89827734001852,18,0.288177658275782,0.793624146508376,0.8,7.20522410718335,0.176735879095216,0,1.2386609
ES_Qg50,0.5,0.6,0.2,12,0,12,[7 8 12 13 14 16 17 18 29 30 31 32],0.899368986168771,18,0.286054301636132,0.783973670582719,0.800004185806121,6.92665967104843,0.351671153378323,0,1.3863848
ES_Qg75,0.75,0.6,0.2,12,0,12,[7 8 12 13 14 16 17 18 29 30 31 32],0.900456887047068,18,0.276212672605613,0.797679997010074,0.800000128224612,6.69316133638468,0.559106525353526,0,1.4774895
Qg_full_ES,1,0.6,0.2,12,0,12,[7 8 12 13 14 16 17 18 29 30 31 32],0.90154133718529,18,0.274656103757664,0.765978951886132,0.800003030302686,6.48515119064091,0.705385984652054,0,1.2935145
ES_only,0,0.6,0.2,16,0,16,[7 8 12 13 14 15 16 17 18 24 25 29 30 31 32 33],0.905911798620139,18,0.224269410401245,0.782251110263999,0.80000018417349,5.6606400363941,0,0,1.416536
ES_Qg25,0.25,0.6,0.2,16,0,16,[7 8 12 13 14 15 16 17 18 24 25 29 30 31 32 33],0.906991034615393,18,0.21883923965719,0.793545269259703,0.8,5.49505551439468,0.159582314395182,0,1.416744
ES_Qg50,0.5,0.6,0.2,16,0,16,[7 8 12 13 14 15 16 17 18 24 25 29 30 31 32 33],0.908066761197399,18,0.219303968336799,0.781940649861288,0.8,5.33561177917396,0.302103132364037,0,1.4663365
ES_Qg75,0.75,0.6,0.2,16,0,16,[7 8 12 13 14 15 16 17 18 24 25 29 30 31 32 33],0.909139024252442,18,0.207795439532053,0.796145354158708,0.8,5.17655413520165,0.509576650816727,0,1.429914
Qg_full_ES,1,0.6,0.2,16,0,16,[7 8 12 13 14 15 16 17 18 24 25 29 30 31 32 33],0.910207833374227,18,0.205461030858232,0.792381989800374,0.8,5.01788157109335,0.683537642351465,0,1.4386032
ES_only,0,0.6,0.2,20,0,20,[7 8 9 10 11 12 13 14 15 16 17 18 24 25 28 29 30 31 32 33],0.913435887588618,18,0.198346030098325,0.788243356968166,0.8,4.52582538066296,0,0,1.4060745
ES_Qg25,0.25,0.6,0.2,20,0,20,[7 8 9 10 11 12 13 14 15 16 17 18 24 25 28 29 30 31 32 33],0.914501841403898,18,0.194926785751914,0.779428366184786,0.8,4.36676479858952,0.139605940454204,0,1.4950242
ES_Qg50,0.5,0.6,0.2,20,0,20,[7 8 9 10 11 12 13 14 15 16 17 18 24 25 28 29 30 31 32 33],0.915564401509961,18,0.190214865499909,0.769578117551676,0.8,4.20808548699102,0.307879737678541,0,1.4029033
ES_Qg75,0.75,0.6,0.2,20,0,20,[7 8 9 10 11 12 13 14 15 16 17 18 24 25 28 29 30 31 32 33],0.916623592129602,18,0.183187078888877,0.791017278952294,0.8,4.04978525046139,0.509404445434114,0,1.4335617
Qg_full_ES,1,0.6,0.2,20,0,20,[7 8 9 10 11 12 13 14 15 16 17 18 24 25 28 29 30 31 32 33],0.917679440732676,18,0.18548406231949,0.764875171310079,0.800000020211,3.89186163775067,0.604608410285708,0,1.4894592
ES_only,0,0.6,0.2,24,0,24,[4 6 7 8 9 10 11 12 13 14 15 16 17 18 24 25 26 27 28 29 30 31 32 33],0.91737721114742,18,0.17827474627662,0.781721238579486,0.8,3.76160838638889,0,0,1.3148184
ES_Qg25,0.25,0.6,0.2,24,0,24,[4 6 7 8 9 10 11 12 13 14 15 16 17 18 24 25 26 27 28 29 30 31 32 33],0.91843660001833,18,0.175661159308731,0.774361681650192,0.8,3.60992821522496,0.139285551688399,0,1.6010277
ES_Qg50,0.5,0.6,0.2,24,0,24,[4 6 7 8 9 10 11 12 13 14 15 16 17 18 24 25 26 27 28 29 30 31 32 33],0.919492649936087,18,0.1688838380444,0.789056493211117,0.8,3.46180250925806,0.318487789333847,0,1.680977
ES_Qg75,0.75,0.6,0.2,24,0,24,[4 6 7 8 9 10 11 12 13 14 15 16 17 18 24 25 26 27 28 29 30 31 32 33],0.920545387786871,18,0.163472387639709,0.79140990499035,0.8,3.31492362961125,0.515386545301152,0,1.5223019
Qg_full_ES,1,0.6,0.2,24,0,24,[4 6 7 8 9 10 11 12 13 14 15 16 17 18 24 25 26 27 28 29 30 31 32 33],0.921594840992723,18,0.161285228660475,0.784818773019641,0.8,3.17341284987171,0.675867290510134,0,1.624566
ES_only,0,0.6,0.2,28,0,28,[2 3 4 5 6 7 8 9 10 11 12 13 14 15 16 17 18 23 24 25 26 27 28 29 30 31 32 33],0.918852917391181,18,0.173344925938567,0.750048373474361,0.800000148975887,3.50101958649171,0,0,1.6522126
ES_Qg25,0.25,0.6,0.2,28,0,28,[2 3 4 5 6 7 8 9 10 11 12 13 14 15 16 17 18 23 24 25 26 27 28 29 30 31 32 33],0.919910092748243,18,0.167145974268562,0.755806035164601,0.8,3.3551652642172,0.131169946509948,0,1.643142
ES_Qg50,0.5,0.6,0.2,28,0,28,[2 3 4 5 6 7 8 9 10 11 12 13 14 15 16 17 18 23 24 25 26 27 28 29 30 31 32 33],0.920963954857242,18,0.157676303035853,0.794390573910204,0.8,3.21308472358023,0.339279105780414,0,1.4904333
ES_Qg75,0.75,0.6,0.2,28,0,28,[2 3 4 5 6 7 8 9 10 11 12 13 14 15 16 17 18 23 24 25 26 27 28 29 30 31 32 33],0.922014524222705,18,0.152298559578473,0.796581931512404,0.8,3.07502800746375,0.554934029551045,0,1.3853619
Qg_full_ES,1,0.6,0.2,28,0,28,[2 3 4 5 6 7 8 9 10 11 12 13 14 15 16 17 18 23 24 25 26 27 28 29 30 31 32 33],0.923061822437885,18,0.1564479246325,0.759412909031509,0.8,2.93891079889762,0.603824594433594,0,1.3888673
ES_only,0,0.6,0.2,32,0,32,[2 3 4 5 6 7 8 9 10 11 12 13 14 15 16 17 18 19 20 21 22 23 24 25 26 27 28 29 30 31 32 33],0.919096239282819,18,0.213655593920983,0.616801025514096,0.800002178696401,3.45854224616693,0,0,1.051294
ES_Qg25,0.25,0.6,0.2,32,0,32,[2 3 4 5 6 7 8 9 10 11 12 13 14 15 16 17 18 19 20 21 22 23 24 25 26 27 28 29 30 31 32 33],0.920153054191629,18,0.194190301954302,0.637571880131681,0.8,3.31493466547962,0.131074792904696,0,1.2991319
ES_Qg50,0.5,0.6,0.2,32,0,32,[2 3 4 5 6 7 8 9 10 11 12 13 14 15 16 17 18 19 20 21 22 23 24 25 26 27 28 29 30 31 32 33],0.921206538176336,18,0.19768764938901,0.633188215071698,0.8,3.17346925391875,0.276805520930862,0,1.2703219
ES_Qg75,0.75,0.6,0.2,32,0,32,[2 3 4 5 6 7 8 9 10 11 12 13 14 15 16 17 18 19 20 21 22 23 24 25 26 27 28 29 30 31 32 33],0.922256833531049,18,0.196390163866424,0.617812152114937,0.800000136741619,3.03704753682977,0.422755820671094,0,1.3347034
Qg_full_ES,1,0.6,0.2,32,0,32,[2 3 4 5 6 7 8 9 10 11 12 13 14 15 16 17 18 19 20 21 22 23 24 25 26 27 28 29 30 31 32 33],0.92330380178518,18,0.190229437659349,0.624495297564254,0.800000183029948,2.9009380232706,0.580272768861436,0,1.190689
ES_only,0,0.7,0,4,0,4,[8 14 30 32],0.874413548826538,18,0.352899919187241,0.971676599863761,1,11.4311792941881,0,0,1.5079002
ES_Qg25,0.25,0.7,0,4,0,4,[8 14 30 32],0.87554580124166,18,0.347130530106845,0.997388105810601,1,11.0192452480497,0.179491175143993,0,1.4095014
ES_Qg50,0.5,0.7,0,4,0,4,[8 14 30 32],0.87667411503354,18,0.340139021035639,0.984387016100972,1,10.62081736188,0.357016620493291,0,1.3903473
ES_Qg75,0.75,0.7,0,4,0,4,[8 14 30 32],0.877798512205729,18,0.335185122443702,0.980277841389254,1.00000011361181,10.2279145141031,0.536162843013021,0,1.2090046
Qg_full_ES,1,0.7,0,4,0,4,[8 14 30 32],0.878919098182744,18,0.328949462767623,0.996989897108425,1.00000099020394,9.84702007472486,0.714937240654268,0,1.7138901
ES_only,0,0.7,0,8,0,8,[7 8 14 18 29 30 31 32],0.901347254999289,18,0.236447274420289,0.997314688755814,1,5.32985673032446,0,0,1.4227376
ES_Qg25,0.25,0.7,0,8,0,8,[7 8 14 18 29 30 31 32],0.902424969301727,18,0.239443614390033,0.983466555071723,1,5.10603452372944,0.168039408660645,0,1.7126862
ES_Qg50,0.5,0.7,0,8,0,8,[7 8 14 18 29 30 31 32],0.903499215743066,18,0.227361209424678,0.991687314115014,1.00000015605492,4.90148937010621,0.343887773799708,0,1.8246528
ES_Qg75,0.75,0.7,0,8,0,8,[7 8 14 18 29 30 31 32],0.904569995349812,18,0.225709096674455,0.989471960280456,1,4.71983306844549,0.506940034884445,0,1.5736965
Qg_full_ES,1,0.7,0,8,0,8,[7 8 14 18 29 30 31 32],0.905637360388438,18,0.218638717756406,0.996349318949747,1,4.56284898787663,0.680068582220628,0,1.5684063
ES_only,0,0.7,0,12,0,12,[7 8 12 13 14 16 17 18 29 30 31 32],0.92456798890972,18,0.190979388227227,0.97699453144891,1,2.80731702127656,0,0,1.5028125
ES_Qg25,0.25,0.7,0,12,0,12,[7 8 12 13 14 16 17 18 29 30 31 32],0.925605972804518,18,0.187410393387747,0.990909015162464,1,2.66663042506248,0.146712014200758,0,1.368979
ES_Qg50,0.5,0.7,0,12,0,12,[7 8 12 13 14 16 17 18 29 30 31 32],0.926640772774492,18,0.179176508671531,0.998177691997879,1.00000002287412,2.52932802748585,0.350380480746721,0,1.4975608
ES_Qg75,0.75,0.7,0,12,0,12,[7 8 12 13 14 16 17 18 29 30 31 32],0.927672410951083,18,0.175535059328533,0.998847681434663,1,2.39488946745832,0.556496924540075,0,1.3858377
Qg_full_ES,1,0.7,0,12,0,12,[7 8 12 13 14 16 17 18 29 30 31 32],0.928700907616461,18,0.172322290898144,0.997599433222233,1,2.26074878550301,0.720993563472969,0,1.2606342
ES_only,0,0.7,0,16,0,16,[7 8 12 13 14 15 16 17 18 24 25 29 30 31 32 33],0.936625704884962,18,0.108827863142287,0.992516574823165,1,1.11281338122573,0,0,1.4191157
ES_Qg25,0.25,0.7,0,16,0,16,[7 8 12 13 14 15 16 17 18 24 25 29 30 31 32 33],0.937644168437833,18,0.10526704813971,0.996288284491341,1,0.99344378185406,0.150608721695164,0,1.4881177
ES_Qg50,0.5,0.7,0,16,0,16,[7 8 12 13 14 15 16 17 18 24 25 29 30 31 32 33],0.938659609639375,18,0.101099998258949,0.997792044632136,1,0.878871048143199,0.333118108332053,0,1.5080094
ES_Qg75,0.75,0.7,0,16,0,16,[7 8 10 12 13 14 15 16 17 18 25 29 30 31 32 33],0.94034102361741,18,0.113281147524255,0.999450535160649,1,0.766271975089522,0.564608994471044,0,1.7336322
Qg_full_ES,1,0.7,0,16,0,16,[7 8 10 12 13 14 15 16 17 18 25 29 30 31 32 33],0.941349478829079,18,0.109981046744871,0.999694998552734,1,0.652199874181661,0.781132096990264,0,1.7115732
ES_only,0,0.7,0,20,0,20,[7 8 9 10 11 12 13 14 15 16 17 18 24 25 28 29 30 31 32 33],0.946980154738126,18,0.0836193953009002,0.993427698930078,1,0.119345047274737,0,0,1.5850583
ES_Qg25,0.25,0.7,0,20,0,20,[7 8 9 10 11 12 13 14 15 16 17 18 24 25 28 29 30 31 32 33],0.947982548149703,18,0.0805308904578534,0.993611149878056,1.00000002305916,0.056946567608716,0.159527939517406,0,1.6005754
ES_Qg50,0.5,0.7,0,20,0,20,[7 8 9 10 11 12 13 14 15 16 17 18 24 25 28 29 30 31 32 33],0.948982025458409,18,0.076690869550204,0.998335456237218,1,0.0164825038077518,0.363548244010787,0,1.9209286
ES_Qg75,0.75,0.7,0,20,1,20,[7 8 9 10 11 12 13 14 15 16 17 18 24 25 26 29 30 31 32 33],0.950000283610528,18,0.0773952279267976,0.982144538959779,0.999985579470163,0,0.472220477123521,0,1.6649623
Qg_full_ES,1,0.7,0,20,1,20,[7 8 9 10 11 12 13 14 15 16 17 18 24 25 27 29 30 31 32 33],0.950968473178073,18,0.0737991466547049,0.991110137400792,0.999980153756158,0,0.682224972682175,0,1.3796033
ES_only,0,0.7,0,24,1,24,[4 6 7 8 9 10 11 12 13 14 15 16 17 18 21 24 25 26 28 29 30 31 32 33],0.951012544353086,18,0.068485004124516,0.98511217688155,0.999920229916408,0,0,0,1.6034957
ES_Qg25,0.25,0.7,0,24,1,22,[5 7 8 9 10 11 12 13 14 15 16 17 18 24 25 26 27 29 30 31 32 33],0.950264793056099,18,0.0726145677366953,0.996969499765267,0.999991407997897,0,0.174385899815639,0,1.4399461
ES_Qg50,0.5,0.7,0,24,1,22,[4 6 7 8 9 10 11 12 13 14 15 16 17 18 24 25 27 29 30 31 32 33],0.95161933699795,18,0.0700852948654542,0.988358384643346,0.999989148322068,0,0.330567001693284,0,1.5813131
ES_Qg75,0.75,0.7,0,24,1,24,[3 6 7 8 9 10 11 12 13 14 15 16 17 18 24 25 26 27 28 29 30 31 32 33],0.954603571285149,18,0.0612436391212218,0.988962309953011,0.999978593553997,0,0.525737909018681,0,1.811647
Qg_full_ES,1,0.7,0,24,1,21,[4 7 8 9 10 11 12 13 14 15 16 17 18 24 25 27 29 30 31 32 33],0.952260245724808,18,0.0686737920285488,0.992064982243927,0.999984348541605,0,0.694866301089035,0,1.5300877
ES_only,0,0.7,0,28,1,28,[2 6 7 8 9 10 11 12 13 14 15 16 17 18 19 20 21 22 24 25 26 27 28 29 30 31 32 33],0.951539928813638,18,0.0643535513491109,0.986859237781887,0.999973000869084,0,0,0,1.8024538
ES_Qg25,0.25,0.7,0,28,1,22,[5 7 8 9 10 11 12 13 14 15 16 17 18 24 25 26 27 29 30 31 32 33],0.950264793056099,18,0.0726145677366953,0.996969499765267,0.999991407997897,0,0.174385899815639,0,1.5571072
ES_Qg50,0.5,0.7,0,28,1,27,[3 4 6 7 8 9 10 11 12 13 14 15 16 17 18 20 21 23 24 25 26 28 29 30 31 32 33],0.954245591298154,18,0.0564494743792513,0.991485034366163,0.999984025886761,0,0.337420797723167,0,1.8369291
ES_Qg75,0.75,0.7,0,28,1,23,[3 4 7 8 9 10 11 12 13 14 15 16 17 18 22 24 25 26 29 30 31 32 33],0.951907841195262,18,0.0660375219225552,0.995732181606384,0.999994533887391,0,0.531147016400695,0,1.7206678
Qg_full_ES,1,0.7,0,28,1,28,[3 4 5 6 7 8 9 10 11 12 13 14 15 16 17 18 22 23 24 25 26 27 28 29 30 31 32 33],0.958327081382209,18,0.0474108142002193,0.990446697059864,0.999977476622633,0,0.667792506079286,0,1.4824548
ES_only,0,0.7,0,32,1,32,[2 3 4 5 6 7 8 9 10 11 12 13 14 15 16 17 18 19 20 21 22 23 24 25 26 27 28 29 30 31 32 33],0.952252677923544,18,0.10947232632267,0.752990366338505,0.998789367094499,0,0,0,1.1694762
ES_Qg25,0.25,0.7,0,32,1,32,[2 3 4 5 6 7 8 9 10 11 12 13 14 15 16 17 18 19 20 21 22 23 24 25 26 27 28 29 30 31 32 33],0.951910458536061,18,0.107393060045038,0.73777554863912,0.997305747315878,0,0.109600151638306,0,1.1178516
ES_Qg50,0.5,0.7,0,32,1,32,[2 3 4 5 6 7 8 9 10 11 12 13 14 15 16 17 18 19 20 21 22 23 24 25 26 27 28 29 30 31 32 33],0.952108684720926,18,0.102604239400025,0.729988985579731,0.996921653191103,0,0.230068539134805,0,1.2587219
ES_Qg75,0.75,0.7,0,32,1,32,[2 3 4 5 6 7 8 9 10 11 12 13 14 15 16 17 18 19 20 21 22 23 24 25 26 27 28 29 30 31 32 33],0.956125807627101,18,0.089528191933278,0.769309645113331,0.999144179172989,0,0.369745364671865,0,1.336877
Qg_full_ES,1,0.7,0,32,1,32,[2 3 4 5 6 7 8 9 10 11 12 13 14 15 16 17 18 19 20 21 22 23 24 25 26 27 28 29 30 31 32 33],0.953759503041449,18,0.101479555276968,0.724444876699699,0.996766503919874,0,0.482268837792353,0,0.7196354
ES_only,0,0.7,0.2,4,0,4,[8 14 30 32],0.866152218557059,18,0.401692195798258,0.793512575234233,0.8,14.3332622768172,0,0,1.0237844
ES_Qg25,0.25,0.7,0.2,4,0,4,[8 14 30 32],0.867307436716997,18,0.400595185579141,0.788235130143583,0.8,13.8625707165725,0.176899410935276,0,1.0727755
ES_Qg50,0.5,0.7,0.2,4,0,4,[8 14 30 32],0.868458485749608,18,0.390014158847353,0.777784757521474,0.8,13.405236988689,0.354734623812313,0,1.1076153
ES_Qg75,0.75,0.7,0.2,4,0,4,[8 14 30 32],0.869605447875003,18,0.381794129896868,0.787337534063897,0.800000187510708,12.960333603647,0.53325558102021,0,1.5898532
Qg_full_ES,1,0.7,0.2,4,0,4,[8 14 30 32],0.8707487501999,18,0.422086045039309,0.694063820505222,0.80000955269855,12.5206377298868,0.692195815317875,0,1.7873546
ES_only,0,0.7,0.2,8,0,8,[7 8 14 18 29 30 31 32],0.888226214012588,18,0.298406926042849,0.793746686216516,0.800000308053777,8.34175366889357,0,0,1.517654
ES_Qg25,0.25,0.7,0.2,8,0,8,[7 8 14 18 29 30 31 32],0.889334275254894,18,0.292973166372204,0.794560226533826,0.8,8.05136614982647,0.177632208935417,0,1.465053
ES_Qg50,0.5,0.7,0.2,8,0,8,[7 8 14 18 29 30 31 32],0.890438609983177,18,0.290702160073635,0.792610538091854,0.8,7.76738363275918,0.359381843174173,0,1.4908958
ES_Qg75,0.75,0.7,0.2,8,0,8,[7 8 14 18 29 30 31 32],0.891539250103955,18,0.280203170214863,0.797215780959559,0.8,7.48898951520135,0.556121685484405,0,1.5332661
Qg_full_ES,1,0.7,0.2,8,0,8,[7 8 14 18 29 30 31 32],0.892636219126503,18,0.274813391659355,0.792221649914449,0.8,7.22130330235044,0.72095658765581,0,1.4954742
ES_only,0,0.7,0.2,12,0,12,[7 8 12 13 14 16 17 18 29 30 31 32],0.907326132792116,18,0.254015887670541,0.779139851372715,0.8,5.51183266539911,0,0,1.4066068
ES_Qg25,0.25,0.7,0.2,12,0,12,[7 8 12 13 14 16 17 18 29 30 31 32],0.908399400812909,18,0.250482248139027,0.778771817698325,0.800000117015954,5.35277752218634,0.14580591351563,0,1.4705095
ES_Qg50,0.5,0.7,0.2,12,0,12,[7 8 12 13 14 16 17 18 29 30 31 32],0.909469202844901,18,0.242233402223233,0.788373889301847,0.8,5.19410862355961,0.317363172888334,0,1.3858137
ES_Qg75,0.75,0.7,0.2,12,0,12,[7 8 12 13 14 16 17 18 29 30 31 32],0.910535579374835,18,0.242404018753832,0.787899060777568,0.8,5.0358219936977,0.478055442292962,0,1.4989395
Qg_full_ES,1,0.7,0.2,12,0,12,[7 8 12 13 14 16 17 18 29 30 31 32],0.911598557992306,18,0.233181540678114,0.792418225957739,0.800000287450312,4.87791480610817,0.692951558692062,0,1.5794748
ES_only,0,0.7,0.2,16,0,16,[7 8 12 13 14 15 16 17 18 24 25 29 30 31 32 33],0.917303758351342,18,0.177809355842094,0.78672759021472,0.8,3.83930389309785,0,0,0.9815728
ES_Qg25,0.25,0.7,0.2,16,0,16,[7 8 12 13 14 15 16 17 18 24 25 29 30 31 32 33],0.918359591028942,18,0.171121608800734,0.798088863969047,0.8,3.6863477456815,0.146038300513214,0,0.947347
ES_Qg50,0.5,0.7,0.2,16,0,16,[7 8 12 13 14 15 16 17 18 24 25 29 30 31 32 33],0.919412108050578,18,0.166504421430889,0.799068487090278,0.8,3.53374998417531,0.356409413193663,0,1.0925317
ES_Qg75,0.75,0.7,0.2,16,0,16,[7 8 12 13 14 15 16 17 18 24 25 29 30 31 32 33],0.920461334525797,18,0.16317226963037,0.794891265649844,0.8,3.3815084124841,0.511531480378516,0,1.1720569
Qg_full_ES,1,0.7,0.2,16,0,16,[7 8 12 13 14 15 16 17 18 24 25 29 30 31 32 33],0.921507293002028,18,0.16009379622806,0.788256045432002,0.8,3.23422014124653,0.666311307954174,0,1.147111
ES_only,0,0.7,0.2,20,0,20,[7 8 9 10 11 12 13 14 15 16 17 18 24 25 28 29 30 31 32 33],0.925891290453239,18,0.155945519753032,0.771647836977351,0.8,2.62674416770387,0,0,1.1565988
ES_Qg25,0.25,0.7,0.2,20,0,20,[7 8 9 10 11 12 13 14 15 16 17 18 24 25 28 29 30 31 32 33],0.926932687555382,18,0.144515938800255,0.79782290111099,0.80000001107557,2.49090618323919,0.1692355824635,0,1.165585
ES_Qg50,0.5,0.7,0.2,20,0,20,[7 8 9 10 11 12 13 14 15 16 17 18 24 25 28 29 30 31 32 33],0.92797087442802,18,0.14148846868249,0.794183596124357,0.8,2.35537273346993,0.329031650233927,0,1.0755614
ES_Qg75,0.75,0.7,0.2,20,0,20,[7 8 9 10 11 12 13 14 15 16 17 18 24 25 28 29 30 31 32 33],0.929005888943992,18,0.137837699889325,0.794977469174032,0.8,2.22014013385153,0.502544470706005,0,1.0970362
Qg_full_ES,1,0.7,0.2,20,0,20,[7 8 9 10 11 12 13 14 15 16 17 18 24 25 28 29 30 31 32 33],0.930037741601169,18,0.13498710255212,0.788401914894502,0.8,2.09069729658176,0.653554586816433,0,1.0907571
ES_only,0,0.7,0.2,24,0,24,[4 6 7 8 9 10 11 12 13 14 15 16 17 18 24 25 26 27 28 29 30 31 32 33],0.93038913701518,18,0.128771624106942,0.793845783916317,0.8,1.92055610125645,0,0,0.9547958
ES_Qg25,0.25,0.7,0.2,24,0,24,[4 6 7 8 9 10 11 12 13 14 15 16 17 18 24 25 26 27 28 29 30 31 32 33],0.931423421618969,18,0.125586849706098,0.79143760298455,0.8,1.79124385349135,0.15228263600709,0,1.2507109
ES_Qg50,0.5,0.7,0.2,24,0,24,[4 6 7 8 9 10 11 12 13 14 15 16 17 18 24 25 26 27 28 29 30 31 32 33],0.932454559749607,18,0.121903478066481,0.790957310317991,0.8,1.66221507497812,0.321769341925433,0,1.0170434
ES_Qg75,0.75,0.7,0.2,24,0,24,[4 6 7 8 9 10 11 12 13 14 15 16 17 18 24 25 26 27 28 29 30 31 32 33],0.933482583853431,18,0.122665013578801,0.78876400181692,0.8,1.53346753688759,0.486390287174632,0,1.1394965
Qg_full_ES,1,0.7,0.2,24,0,24,[4 6 7 8 9 10 11 12 13 14 15 16 17 18 24 25 26 27 28 29 30 31 32 33],0.934507505297927,18,0.112252203249958,0.798592193714342,0.8,1.4086324940035,0.765857596092525,0,1.1691151
ES_only,0,0.7,0.2,28,0,28,[2 3 4 5 6 7 8 9 10 11 12 13 14 15 16 17 18 23 24 25 26 27 28 29 30 31 32 33],0.932077846897036,18,0.119799999256163,0.792808798734241,0.8,1.66895682265075,0,0,1.3386866
ES_Qg25,0.25,0.7,0.2,28,0,28,[2 3 4 5 6 7 8 9 10 11 12 13 14 15 16 17 18 23 24 25 26 27 28 29 30 31 32 33],0.93310973517196,18,0.116164211527096,0.790238351202983,0.8,1.53972289169737,0.153971628696494,0,1.1882662
ES_Qg50,0.5,0.7,0.2,28,0,28,[2 3 4 5 6 7 8 9 10 11 12 13 14 15 16 17 18 23 24 25 26 27 28 29 30 31 32 33],0.934138498067832,18,0.115798956055846,0.785832412915492,0.8,1.4163762048935,0.327581465721244,0,1.0894287
ES_Qg75,0.75,0.7,0.2,28,0,28,[2 3 4 5 6 7 8 9 10 11 12 13 14 15 16 17 18 23 24 25 26 27 28 29 30 31 32 33],0.935164163747046,18,0.109907475225884,0.787437018307081,0.8,1.29565725021272,0.497556728423736,0,1.040575
Qg_full_ES,1,0.7,0.2,28,0,28,[2 3 4 5 6 7 8 9 10 11 12 13 14 15 16 17 18 23 24 25 26 27 28 29 30 31 32 33],0.936186747140576,18,0.104266022552606,0.796010212882114,0.800000010096186,1.18043353963045,0.750077332807274,0,1.1406363
ES_only,0,0.7,0.2,32,0,32,[2 3 4 5 6 7 8 9 10 11 12 13 14 15 16 17 18 19 20 21 22 23 24 25 26 27 28 29 30 31 32 33],0.932356944361898,18,0.159144465130762,0.624715270192618,0.800000802917033,1.62733119763858,0,0,0.9083285
ES_Qg25,0.25,0.7,0.2,32,0,32,[2 3 4 5 6 7 8 9 10 11 12 13 14 15 16 17 18 19 20 21 22 23 24 25 26 27 28 29 30 31 32 33],0.933388447502992,18,0.152435493095995,0.623498627565572,0.8,1.49942261686969,0.126702273459191,0,0.8234875
ES_Qg50,0.5,0.7,0.2,32,0,32,[2 3 4 5 6 7 8 9 10 11 12 13 14 15 16 17 18 19 20 21 22 23 24 25 26 27 28 29 30 31 32 33],0.934416847735229,18,0.153245299151042,0.633229755523538,0.799999998111432,1.37736943121208,0.271905201641296,0,0.8703338
ES_Qg75,0.75,0.7,0.2,32,0,32,[2 3 4 5 6 7 8 9 10 11 12 13 14 15 16 17 18 19 20 21 22 23 24 25 26 27 28 29 30 31 32 33],0.93544216532157,18,0.147919097578638,0.613298706198708,0.8,1.25925624657879,0.416038155262195,0,0.8205255
Qg_full_ES,1,0.7,0.2,32,0,32,[2 3 4 5 6 7 8 9 10 11 12 13 14 15 16 17 18 19 20 21 22 23 24 25 26 27 28 29 30 31 32 33],0.936464388156094,18,0.136821898950844,0.641819506799335,0.800000238777016,1.14404033558429,0.572267540440587,0,0.8038716
