rho,u_min,N_ES_max,Feasible_volt,N_ES_selected,ES_Buses,Vmin_pu,WorstBus,TotalLoss_pu,MeanCurt,MaxCurt,TotalVoltSlack,MaxVoltSlack,SolCode,SolInfo,SolveTime_s
0.3,0,2,0,2,[30 32],0.840386393732922,18,0.563259599344186,0.974773767641445,1,22.9201272235259,0.196250709555881,0,Successfully solved (GUROBI),0.8956912
0.3,0,4,0,4,[8 14 30 32],0.850241870000141,18,0.518320422957149,0.906311229892506,0.999999997059969,20.3378755785356,0.179588762875022,0,Successfully solved (GUROBI),0.8566526
0.3,0,6,0,6,[7 8 14 30 31 32],0.855175619166682,18,0.47462957755811,0.987457852850013,1,18.259425912049,0.171174661743759,0,Successfully solved (GUROBI),1.0711956
0.3,0,8,0,8,[7 8 14 18 29 30 31 32],0.862660755645333,18,0.445304291710012,0.963762693348431,1,16.481037143746,0.158316421222548,0,Successfully solved (GUROBI),0.8567878
0.3,0,10,0,10,[7 8 13 14 17 18 29 30 31 32],0.868612219889294,18,0.430928682610306,0.94236985492258,1,15.2709589335679,0.148012812279279,0,Successfully solved (GUROBI),0.8345177
0.3,0,12,0,12,[7 8 12 13 14 16 17 18 29 30 31 32],0.873491922206573,18,0.429026976686122,0.84869682312464,1.000000156117,14.1669081952392,0.139511864373615,0,Successfully solved (GUROBI),0.8703914
0.3,0,16,0,16,[7 8 12 13 14 15 16 17 18 24 25 29 30 31 32 33],0.879227864259494,18,0.360999078735408,0.914200530786433,0.999999998679421,12.3448347824276,0.129458362915653,0,Successfully solved (GUROBI),0.7972711
0.3,0,20,0,20,[7 8 9 10 11 12 13 14 15 16 17 18 24 25 28 29 30 31 32 33],0.884189518394519,18,0.342299517900916,0.908425640903601,0.999999999264381,10.9551269482749,0.120708895661963,0,Successfully solved (GUROBI),0.8514962
0.3,0,24,0,24,[4 6 7 8 9 10 11 12 13 14 15 16 17 18 24 25 26 27 28 29 30 31 32 33],0.886790388370524,18,0.320946008731156,0.929445810738369,0.999999999562237,10.0783094755034,0.116102807154474,0,Successfully solved (GUROBI),0.8105508
0.3,0,28,0,28,[2 3 4 5 6 7 8 9 10 11 12 13 14 15 16 17 18 23 24 25 26 27 28 29 30 31 32 33],0.887757830275562,18,0.311907563856901,0.949676446990266,1,9.76669672217079,0.11438603489183,0,Successfully solved (GUROBI),0.7455384
0.3,0,32,0,32,[2 3 4 5 6 7 8 9 10 11 12 13 14 15 16 17 18 19 20 21 22 23 24 25 26 27 28 29 30 31 32 33],0.88791645299538,18,0.315806081647618,0.903362981860238,1,9.71639316861306,0.114104372563468,0,Successfully solved (GUROBI),0.7661099
0.3,0.1,2,0,2,[30 32],0.8394584572997,18,0.572664698646287,0.872206698843224,0.89999999400662,23.3979177869913,0.197809498951,0,Successfully solved (GUROBI),0.7672525
0.3,0.1,4,0,4,[8 14 30 32],0.848354583896196,18,0.531453475449546,0.832436767214381,0.899999993983519,21.0603125209018,0.182794500596806,0,Successfully solved (GUROBI),0.7444658
0.3,0.1,6,0,6,[7 8 14 30 31 32],0.852822646166444,18,0.493023754675439,0.854000075149562,0.899999997490278,19.1656404082548,0.175193534535211,0,Successfully solved (GUROBI),0.8066567
0.3,0.1,8,0,8,[7 8 14 18 29 30 31 32],0.859599308429272,18,0.467178955858156,0.848088699476918,0.899999996139923,17.5542264697218,0.163589029496061,0,Successfully solved (GUROBI),0.795698
0.3,0.1,10,0,10,[7 8 13 14 17 18 29 30 31 32],0.864991093479536,18,0.45355076157578,0.813534374573242,0.9,16.4560751120013,0.154290408968447,0,Successfully solved (GUROBI),0.7877377
0.3,0.1,12,0,12,[7 8 12 13 14 16 17 18 29 30 31 32],0.869416610137012,18,0.440714935397463,0.793202039209236,0.900000418252758,15.4502087941622,0.146614758702633,0,Successfully solved (GUROBI),0.9751002
0.3,0.1,16,0,16,[7 8 12 13 14 15 16 17 18 24 25 29 30 31 32 33],0.874625216649361,18,0.388380155221124,0.803034321664624,0.899999997883362,13.7253245632109,0.137530730722753,0,Successfully solved (GUROBI),0.7951152
0.3,0.1,20,0,20,[7 8 9 10 11 12 13 14 15 16 17 18 24 25 28 29 30 31 32 33],0.879133725462794,18,0.369143580587924,0.801808859948773,0.899999998470672,12.4546680732522,0.129623892967871,0,Successfully solved (GUROBI),0.778006
0.3,0.1,24,0,24,[4 6 7 8 9 10 11 12 13 14 15 16 17 18 24 25 26 27 28 29 30 31 32 33],0.881497504328157,18,0.356200935625069,0.7893997673068,0.9,11.6249197476879,0.125462150160607,0,Successfully solved (GUROBI),0.757835
0.3,0.1,28,0,28,[2 3 4 5 6 7 8 9 10 11 12 13 14 15 16 17 18 23 24 25 26 27 28 29 30 31 32 33],0.882375749269991,18,0.346941198221107,0.827690088845001,0.9,11.322425188295,0.123913037466207,0,Successfully solved (GUROBI),1.0113922
0.3,0.1,32,0,32,[2 3 4 5 6 7 8 9 10 11 12 13 14 15 16 17 18 19 20 21 22 23 24 25 26 27 28 29 30 31 32 33],0.882519606230081,18,0.347898496041104,0.791302034177275,0.899999998820897,11.2729846998448,0.123659144800828,0,Successfully solved (GUROBI),0.7246443
0.3,0.2,2,0,2,[30 32],0.838524703735974,18,0.587831132749102,0.766480045949157,0.799999996796929,23.8830256783075,0.199376321568799,0,Successfully solved (GUROBI),0.7583085
0.3,0.2,4,0,4,[8 14 30 32],0.846455968847913,18,0.54564772709171,0.765942224051987,0.799999995399038,21.7847076060417,0.186012293336743,0,Successfully solved (GUROBI),0.7896985
0.3,0.2,6,0,6,[7 8 14 30 31 32],0.850452715341514,18,0.518382631975753,0.70971455170835,0.8,20.0943691810822,0.179230179535627,0,Successfully solved (GUROBI),0.7958169
0.3,0.2,8,0,8,[7 8 14 18 29 30 31 32],0.856512753468303,18,0.484095736789091,0.779944269408582,0.799999997799442,18.631171532607,0.168885903450193,0,Successfully solved (GUROBI),0.8352064
0.3,0.2,10,0,10,[7 8 13 14 17 18 29 30 31 32],0.861337699702971,18,0.469958111055003,0.75426012786217,0.8,17.6523301043659,0.160597367154022,0,Successfully solved (GUROBI),0.8009702
0.3,0.2,12,0,12,[7 8 13 14 16 17 18 25 29 30 31 32],0.864714158425355,18,0.466237385503788,0.663439559046029,0.800000750093543,16.7641869106224,0.154769426586506,0,Successfully solved (GUROBI),0.9012694
0.3,0.2,16,0,16,[7 8 12 13 14 15 16 17 18 24 25 29 30 31 32 33],0.869974501943519,18,0.413229082522972,0.72820146680291,0.79999999897765,15.1878473612087,0.145644366116316,0,Successfully solved (GUROBI),0.8621373
0.3,0.2,20,0,20,[7 8 9 10 11 12 13 14 15 16 17 18 24 25 28 29 30 31 32 33],0.874021510270292,18,0.400076235927158,0.688564424158881,0.8,13.9890992225522,0.138586399994566,0,Successfully solved (GUROBI),0.7655894
0.3,0.2,24,0,24,[4 6 7 8 9 10 11 12 13 14 15 16 17 18 24 25 26 27 28 29 30 31 32 33],0.876143785251499,18,0.382130608069764,0.730340221988817,0.8,13.2243622190077,0.134872067648253,0,Successfully solved (GUROBI),0.7997586
0.3,0.2,28,0,28,[2 3 4 5 6 7 8 9 10 11 12 13 14 15 16 17 18 23 24 25 26 27 28 29 30 31 32 33],0.876931377196622,18,0.379040130991417,0.693538912596403,0.8,12.9542145456189,0.133491359925758,0,Successfully solved (GUROBI),0.7857672
0.3,0.2,32,0,32,[2 3 4 5 6 7 8 9 10 11 12 13 14 15 16 17 18 19 20 21 22 23 24 25 26 27 28 29 30 31 32 33],0.877060263564225,18,0.376936661150294,0.680872808530321,0.799999998914833,12.9098846883855,0.133265294225883,0,Successfully solved (GUROBI),0.7092404
0.3,0.3,2,0,2,[30 32],0.837585026098053,18,0.594911859761142,0.621287183853047,0.699999992182217,24.3697296661173,0.20095132492309,0,Successfully solved (GUROBI),0.7504983
0.3,0.3,4,0,4,[8 14 30 32],0.844545820150982,18,0.561281167162939,0.661443412917145,0.7,22.51108736491,0.189242358313944,0,Successfully solved (GUROBI),0.8064892
0.3,0.3,6,0,6,[7 8 14 30 31 32],0.84806538800337,18,0.528341308312745,0.690584904839521,0.699999998051414,21.0282934793667,0.183285097932938,0,Successfully solved (GUROBI),0.7958096
0.3,0.3,8,0,8,[7 8 14 18 29 30 31 32],0.853400426070241,18,0.506948218893671,0.673901103673108,0.699999997518817,19.7391545998861,0.174207713127403,0,Successfully solved (GUROBI),0.7965659
0.3,0.3,10,0,10,[7 8 13 14 17 18 29 30 31 32],0.857651126444155,18,0.493089454730562,0.657789141713868,0.6999999987808,18.8591669755118,0.16693454544449,0,Successfully solved (GUROBI),0.8512838
0.3,0.3,12,0,12,[7 8 12 13 14 16 17 18 29 30 31 32],0.861147854555894,18,0.49384203209281,0.610486782880668,0.699999997705243,18.0634751116551,0.160924372917973,0,Successfully solved (GUROBI),1.4368919
0.3,0.3,16,0,16,[7 8 12 13 14 15 16 17 18 24 25 29 30 31 32 33],0.865274168922836,18,0.443246735992261,0.626705561822437,0.699999998890188,16.6679223779514,0.153800612751023,0,Successfully solved (GUROBI),0.8359437
0.3,0.3,20,0,20,[7 8 9 10 11 12 13 14 15 16 17 18 24 25 28 29 30 31 32 33],0.868850930930111,18,0.429442248310737,0.602931781853915,0.7,15.6023983308523,0.147598060203276,0,Successfully solved (GUROBI),0.8546719
0.3,0.3,24,0,24,[4 6 7 8 9 10 11 12 13 14 15 16 17 18 24 25 26 27 28 29 30 31 32 33],0.870727054808527,18,0.414544521463102,0.638232497945617,0.699999999254924,14.9010701688887,0.144334396128527,0,Successfully solved (GUROBI),0.797648
0.3,0.3,28,0,28,[2 3 4 5 6 7 8 9 10 11 12 13 14 15 16 17 18 23 24 25 26 27 28 29 30 31 32 33],0.871422478456071,18,0.404756124309437,0.636108484152967,0.7,14.6473626714148,0.143122864115486,0,Successfully solved (GUROBI),0.9679336
0.3,0.3,32,0,32,[2 3 4 5 6 7 8 9 10 11 12 13 14 15 16 17 18 19 20 21 22 23 24 25 26 27 28 29 30 31 32 33],0.87153616679338,18,0.40800762109224,0.606440159246633,0.69999999883557,14.6057888824025,0.142924710133838,0,Successfully solved (GUROBI),0.7434636
0.4,0,2,0,2,[30 32],0.843438623832723,18,0.526841496333415,0.988528177638692,0.999999998858254,21.3739999486565,0.191111288000681,0,Successfully solved (GUROBI),0.8364347
0.4,0,4,0,4,[8 14 30 32],0.856453521870478,18,0.470969514831456,0.985771563596211,1,17.9699346849001,0.1689873659868,0,Successfully solved (GUROBI),0.8165378
0.4,0,6,0,6,[8 14 18 30 31 32],0.86681870452222,18,0.435923189638356,0.837212836799054,1,15.2910117773134,0.151125334668299,0,Successfully solved (GUROBI),0.871071
0.4,0,8,0,8,[7 8 14 18 29 30 31 32],0.87269189026845,18,0.382436331867796,0.983649512076751,1,13.0373705664939,0.140908864775061,0,Successfully solved (GUROBI),0.8255717
0.4,0,10,0,10,[7 8 13 14 17 18 29 30 31 32],0.880460131639601,18,0.362806828755015,0.955067870128512,1,11.536435934536,0.127289956985361,0,Successfully solved (GUROBI),0.8426901
0.4,0,12,0,12,[7 8 12 13 14 16 17 18 29 30 31 32],0.886808116827365,18,0.344669719480916,0.94827591486931,1,10.1741620782878,0.116071364102515,0,Successfully solved (GUROBI),0.9595637
0.4,0,16,0,16,[7 8 12 13 14 15 16 17 18 24 25 29 30 31 32 33],0.89424120746621,18,0.281782122275494,0.956339845098454,1,8.13966852137451,0.10283266305682,0,Successfully solved (GUROBI),0.8551212
0.4,0,20,0,20,[7 8 9 10 11 12 13 14 15 16 17 18 24 25 28 29 30 31 32 33],0.90065754938308,18,0.257165336691695,0.947517918236812,0.99999999964071,6.73327526086674,0.0913159788006228,0,Successfully solved (GUROBI),0.8788967
0.4,0,24,0,24,[4 6 7 8 9 10 11 12 13 14 15 16 17 18 24 25 26 27 28 29 30 31 32 33],0.904019374487349,18,0.233262083663915,0.987166644570709,0.999999999835618,5.93026399503718,0.0852489705790645,0,Successfully solved (GUROBI),0.815364
0.4,0,28,0,28,[2 3 4 5 6 7 8 9 10 11 12 13 14 15 16 17 18 23 24 25 26 27 28 29 30 31 32 33],0.905274520685327,18,0.2243451201827,0.980189139024682,1,5.66710259401499,0.0829780422102622,0,Successfully solved (GUROBI),0.9047754
0.4,0,32,0,32,[2 3 4 5 6 7 8 9 10 11 12 13 14 15 16 17 18 19 20 21 22 23 24 25 26 27 28 29 30 31 32 33],0.905480960336738,18,0.224892816360844,0.931704895703222,1,5.62376153260108,0.0826042305605998,0,Successfully solved (GUROBI),0.7712043
0.4,0.1,2,0,2,[30 32],0.842225152894286,18,0.54261548159095,0.868542394980544,0.899999996762961,21.9906398100422,0.193156792323512,0,Successfully solved (GUROBI),0.7800384
0.4,0.1,4,0,4,[8 14 30 32],0.853983247836269,18,0.490197998625322,0.850443782826042,0.899999996985937,18.9021959695318,0.17321261287544,0,Successfully solved (GUROBI),0.8183098
0.4,0.1,6,0,6,[7 8 14 30 31 32],0.859832097862553,18,0.451727817174697,0.770843086463808,0.9,16.4695331441841,0.163188763682002,0,Successfully solved (GUROBI),0.8910881
0.4,0.1,8,0,8,[7 8 14 18 29 30 31 32],0.868710729308859,18,0.413801431998666,0.815222967271169,0.9,14.3733455278741,0.147841669756754,0,Successfully solved (GUROBI),0.7643697
0.4,0.1,10,0,10,[7 8 13 14 17 18 29 30 31 32],0.875761000365664,18,0.389640076155059,0.860316308058647,0.899999998991895,12.9780174650816,0.135542670417787,0,Successfully solved (GUROBI),0.951365
0.4,0.1,12,0,12,[7 8 12 13 14 16 17 18 29 30 31 32],0.881529790994842,18,0.376537897629983,0.790485628500382,0.900000140218195,11.7396833075115,0.125405227923414,0,Successfully solved (GUROBI),0.937279
0.4,0.1,16,0,16,[7 8 12 13 14 15 16 17 18 24 25 29 30 31 32 33],0.88829476524908,18,0.309349999558005,0.858350259145639,0.9,9.67475101827188,0.113432410114278,0,Successfully solved (GUROBI),0.8104633
0.4,0.1,20,0,20,[7 8 9 10 11 12 13 14 15 16 17 18 24 25 28 29 30 31 32 33],0.894139089424715,18,0.294212275638893,0.804445723713788,0.899999998113631,8.2770459740019,0.103015289096178,0,Successfully solved (GUROBI),0.8435282
0.4,0.1,24,0,24,[4 6 7 8 9 10 11 12 13 14 15 16 17 18 24 25 26 27 28 29 30 31 32 33],0.897201703742699,18,0.269970300327623,0.843112370882438,0.899999999591909,7.39558864923064,0.0975291028719417,0,Successfully solved (GUROBI),0.8441868
0.4,0.1,28,0,28,[2 3 4 5 6 7 8 9 10 11 12 13 14 15 16 17 18 23 24 25 26 27 28 29 30 31 32 33],0.898343464674364,18,0.262010849069029,0.827123319936532,0.9,7.09104675149098,0.0954790195616546,0,Successfully solved (GUROBI),0.936487
0.4,0.1,32,0,32,[2 3 4 5 6 7 8 9 10 11 12 13 14 15 16 17 18 19 20 21 22 23 24 25 26 27 28 29 30 31 32 33],0.898531022731251,18,0.262307799947059,0.797179690026181,0.899999998823356,7.04089050411534,0.0951420014097488,0,Successfully solved (GUROBI),0.8297368
0.4,0.2,2,0,2,[30 32],0.841001827804696,18,0.552787067347031,0.772144253345151,0.799999997240735,22.609683922655,0.195215926008794,0,Successfully solved (GUROBI),0.8057965
0.4,0.2,4,0,4,[8 14 30 32],0.851493857245203,18,0.512281233813613,0.747088264477115,0.799999995243098,19.8573277065615,0.177458211911708,0,Successfully solved (GUROBI),0.7954412
0.4,0.2,6,0,6,[7 8 14 30 31 32],0.85673501803272,18,0.466050426411954,0.77453164048295,0.8,17.6611550897139,0.168505110409851,0,Successfully solved (GUROBI),1.0669978
0.4,0.2,8,0,8,[7 8 14 18 29 30 31 32],0.864688069197325,18,0.434747966317546,0.733034167162634,0.799999998410429,15.7728978879115,0.154814543273671,0,Successfully solved (GUROBI),0.9960784
0.4,0.2,10,0,10,[7 8 13 14 17 18 29 30 31 32],0.871008804398348,18,0.413859724536459,0.780253451617441,0.8,14.4863874926787,0.143843662789105,0,Successfully solved (GUROBI),0.7981367
0.4,0.2,12,0,12,[7 8 12 13 14 16 17 18 29 30 31 32],0.8761876724525,18,0.409670681953273,0.662346577978066,0.80000030379364,13.3291342027497,0.134795163621872,0,Successfully solved (GUROBI),0.8634927
0.4,0.2,16,0,16,[7 8 12 13 14 15 16 17 18 24 25 29 30 31 32 33],0.882270321586105,18,0.345754326034166,0.724770914428855,0.8,11.4384663614772,0.124099079724377,0,Successfully solved (GUROBI),0.7951583
0.4,0.2,20,0,20,[7 8 9 10 11 12 13 14 15 16 17 18 24 25 28 29 30 31 32 33],0.88752961248971,18,0.321004877578724,0.74072157404411,0.799999999601254,10.0026543463618,0.114791187026282,0,Successfully solved (GUROBI),0.8016247
0.4,0.2,24,0,24,[4 6 7 8 9 10 11 12 13 14 15 16 17 18 24 25 26 27 28 29 30 31 32 33],0.890286191294937,18,0.305123964327348,0.735125724557439,0.799999999763356,9.12190574087776,0.10989049763601,0,Successfully solved (GUROBI),0.8092029
0.4,0.2,28,0,28,[2 3 4 5 6 7 8 9 10 11 12 13 14 15 16 17 18 23 24 25 26 27 28 29 30 31 32 33],0.891312328512277,18,0.29754583127901,0.714613663575328,0.8,8.82251937818552,0.10806233311265,0,Successfully solved (GUROBI),0.8820769
0.4,0.2,32,0,32,[2 3 4 5 6 7 8 9 10 11 12 13 14 15 16 17 18 19 20 21 22 23 24 25 26 27 28 29 30 31 32 33],0.891480681480566,18,0.291355074128129,0.73442420652294,0.8,8.77340513292684,0.107762194647757,0,Successfully solved (GUROBI),0.8420321
0.4,0.3,2,0,2,[30 32],0.839768410923476,18,0.568217895583172,0.668462621306612,0.699999993033576,23.2365352518258,0.197289016914569,0,Successfully solved (GUROBI),0.7969708
0.4,0.3,4,0,4,[8 14 30 32],0.848984934356356,18,0.526198220853956,0.66544608763494,0.699999998071352,20.8192799675775,0.181724581581781,0,Successfully solved (GUROBI),0.7709029
0.4,0.3,6,0,6,[7 8 14 30 31 32],0.853608836150682,18,0.486918827407382,0.698001046559166,0.7,18.8589466541079,0.173851955334523,0,Successfully solved (GUROBI),1.1680755
0.4,0.3,8,0,8,[7 8 14 18 29 30 31 32],0.860622555252076,18,0.461759051922829,0.648303527854509,0.699999998685703,17.196078107099,0.161828817633054,0,Successfully solved (GUROBI),0.7859648
0.4,0.3,10,0,10,[7 8 13 14 17 18 29 30 31 32],0.866201687130098,18,0.443848913403132,0.639405870557227,0.699999998110729,16.0582943578537,0.152194637582217,0,Successfully solved (GUROBI),0.8111117
0.4,0.3,12,0,12,[7 8 12 13 14 16 17 18 29 30 31 32],0.870779324618868,18,0.440213289617595,0.576639602819363,0.700000117573914,15.0201025772322,0.144243371726739,0,Successfully solved (GUROBI),0.9243355
0.4,0.3,16,0,16,[7 8 12 13 14 15 16 17 18 24 25 29 30 31 32 33],0.876164698408431,18,0.385288703288151,0.609302548222206,0.7,13.2558158876258,0.134835421554386,0,Successfully solved (GUROBI),0.8435637
0.4,0.3,20,0,20,[7 8 9 10 11 12 13 14 15 16 17 18 24 25 28 29 30 31 32 33],0.880825164669512,18,0.362991175534559,0.615522117803391,0.69999999844817,11.9531517010194,0.126647029632812,0,Successfully solved (GUROBI),0.7990872
0.4,0.3,24,0,24,[4 6 7 8 9 10 11 12 13 14 15 16 17 18 24 25 26 27 28 29 30 31 32 33],0.883268457319654,18,0.34311555946961,0.646680294643551,0.69999999956565,11.0955218382739,0.122336832382792,0,Successfully solved (GUROBI),0.8054755
0.4,0.3,28,0,28,[2 3 4 5 6 7 8 9 10 11 12 13 14 15 16 17 18 23 24 25 26 27 28 29 30 31 32 33],0.884176590718261,18,0.33489186618878,0.63781592634377,0.700000032954894,10.786234884925,0.120731756614186,0,Successfully solved (GUROBI),1.1129224
0.4,0.3,32,0,32,[2 3 4 5 6 7 8 9 10 11 12 13 14 15 16 17 18 19 20 21 22 23 24 25 26 27 28 29 30 31 32 33],0.884325393149826,18,0.335374532227288,0.616054148427393,0.699999998984343,10.7368075852434,0.120468599218617,0,Successfully solved (GUROBI),0.7828036
0.5,0,2,0,2,[30 32],0.846430474142786,18,0.495602202970649,0.985070207432379,0.999999999333351,19.8505033502491,0.186055452567382,0,Successfully solved (GUROBI),0.806099
0.5,0,4,0,4,[8 14 30 32],0.862548527202332,18,0.427308786281028,0.988526317507226,0.999999998571151,15.670830368956,0.158510038515781,0,Successfully solved (GUROBI),0.7849828
0.5,0,6,0,6,[8 14 18 30 31 32],0.875289207712697,18,0.375497791139893,0.959447866265058,1,12.4697402553978,0.136368803091492,0,Successfully solved (GUROBI),0.7667176
0.5,0,8,0,8,[7 8 14 18 29 30 31 32],0.882471475012006,18,0.327343570452906,0.988528535631418,0.999999999517756,9.93505194878716,0.123744095887796,0,Successfully solved (GUROBI),0.8586202
0.5,0,10,0,10,[7 8 13 14 17 18 29 30 31 32],0.891987093354659,18,0.304741631076723,0.994013421043357,0.999999999546749,8.26310174170676,0.106859025384396,0,Successfully solved (GUROBI),0.856305
0.5,0,12,0,12,[7 8 13 14 15 16 17 18 29 30 31 32],0.900294195789465,18,0.302662650542901,0.874751405227106,1.00000019896187,6.92247857487234,0.0919703616970386,0,Successfully solved (GUROBI),0.8374265
0.5,0,16,0,16,[7 8 12 13 14 15 16 17 18 24 25 29 30 31 32 33],0.908785121872281,18,0.217503963368376,0.932103518088347,1,5.19849480092762,0.0766096023140659,0,Successfully solved (GUROBI),0.7944307
0.5,0,20,0,20,[7 8 9 10 11 12 13 14 15 16 17 18 24 25 28 29 30 31 32 33],0.916579048047175,18,0.185820852419119,0.980458469314311,1,4.02553117801554,0.0623828487014196,0,Successfully solved (GUROBI),0.8091779
0.5,0,24,0,24,[4 6 7 8 9 10 11 12 13 14 15 16 17 18 24 25 26 27 28 29 30 31 32 33],0.920661557588212,18,0.169513795782836,0.957233431573387,0.999999999714718,3.265552478023,0.0548822964321166,0,Successfully solved (GUROBI),1.0344756
0.5,0,28,0,28,[2 3 4 5 6 7 8 9 10 11 12 13 14 15 16 17 18 23 24 25 26 27 28 29 30 31 32 33],0.922191187724787,18,0.161987821174775,0.906328028819626,1,3.01943563534803,0.0520634133648045,0,Successfully solved (GUROBI),1.4150523
0.5,0,32,0,32,[2 3 4 5 6 7 8 9 10 11 12 13 14 15 16 17 18 19 20 21 22 23 24 25 26 27 28 29 30 31 32 33],0.92244353420892,18,0.153630837763791,0.910267776235152,1,2.97987326755066,0.0515979262450675,0,Successfully solved (GUROBI),0.8234079
0.5,0.1,2,0,2,[30 32],0.844941898881391,18,0.510476870391244,0.896854526155059,0.899999999178076,20.6084339025021,0.188573187669786,0,Successfully solved (GUROBI),0.9368982
0.5,0.1,4,0,4,[8 14 30 32],0.859515199941156,18,0.448981119829063,0.880824495292446,0.899999998604474,16.8159711656693,0.163733621399617,0,Successfully solved (GUROBI),1.1636196
0.5,0.1,6,0,6,[8 14 18 30 31 32],0.871077525066618,18,0.398302517805259,0.890587960007176,0.9,13.8465857300137,0.143723945415338,0,Successfully solved (GUROBI),1.7175591
0.5,0.1,8,0,8,[7 8 14 18 29 30 31 32],0.877611922559646,18,0.35844139875872,0.827432931091278,0.899999998423455,11.4336075931682,0.132297313666929,0,Successfully solved (GUROBI),0.9384628
0.5,0.1,10,0,10,[7 8 13 14 17 18 29 30 31 32],0.886262095852125,18,0.331875754627678,0.888941540052488,0.899999999136688,9.79224448120682,0.117039497666735,0,Successfully solved (GUROBI),0.9391793
0.5,0.1,12,0,12,[7 8 13 14 15 16 17 18 29 30 31 32],0.89382748626264,18,0.327579482471184,0.775656588882118,0.900000613186972,8.44955810467565,0.103572428274175,0,Successfully solved (GUROBI),1.0604367
0.5,0.1,16,0,16,[7 8 10 12 13 14 15 16 17 18 24 25 29 30 31 32],0.902659631187026,18,0.265915900431495,0.790516144387004,0.9,6.46145886637641,0.0877055920734085,0,Successfully solved (GUROBI),1.1345881
0.5,0.1,20,0,20,[7 8 9 10 11 12 13 14 15 16 17 18 24 25 28 29 30 31 32 33],0.90868320981022,18,0.225462761130671,0.84541437289919,0.899999999724514,5.27944915808395,0.0767948242654226,0,Successfully solved (GUROBI),1.069676
0.5,0.1,24,0,24,[4 6 7 8 9 10 11 12 13 14 15 16 17 18 24 25 26 27 28 29 30 31 32 33],0.912410052157132,18,0.211134461640172,0.809072253933366,0.899999999333679,4.5476756836182,0.0700078968588712,0,Successfully solved (GUROBI),1.2430594
0.5,0.1,28,0,28,[2 3 4 5 6 7 8 9 10 11 12 13 14 15 16 17 18 23 24 25 26 27 28 29 30 31 32 33],0.913803976655745,18,0.194780654139417,0.824276128180851,0.899999999754798,4.28046051444136,0.0674622922991957,0,Successfully solved (GUROBI),1.3553097
0.5,0.1,32,0,32,[2 3 4 5 6 7 8 9 10 11 12 13 14 15 16 17 18 19 20 21 22 23 24 25 26 27 28 29 30 31 32 33],0.914033591469211,18,0.187944832417088,0.831972896286922,0.9,4.23831468653021,0.0670425936810851,0,Successfully solved (GUROBI),1.246
0.5,0.2,2,0,2,[30 32],0.843438622929529,18,0.530731066537449,0.729306085124303,0.799999998197856,21.3740007282662,0.191111289696544,0,Successfully solved (GUROBI),1.2108748
0.5,0.2,4,0,4,[8 14 30 32],0.856453534293228,18,0.472806979616089,0.792686695118654,0.799999998606397,17.9699277187242,0.168987343915996,0,Successfully solved (GUROBI),1.1923355
0.5,0.2,6,0,6,[8 14 18 30 31 32],0.866818719111509,18,0.436487102592681,0.666652764726803,0.800000500451066,15.291004325296,0.151125310402242,0,Successfully solved (GUROBI),1.3942204
0.5,0.2,8,0,8,[7 8 14 18 29 30 31 32],0.872691890854757,18,0.382526214528142,0.792249265309649,0.799999999565865,13.0373703606811,0.140908863727801,0,Successfully solved (GUROBI),1.1083138
0.5,0.2,10,0,10,[7 8 13 14 17 18 29 30 31 32],0.880460130594487,18,0.366552239242033,0.743616494525189,0.799999997649933,11.5364373984262,0.127289958962932,0,Successfully solved (GUROBI),1.1101102
0.5,0.2,12,0,12,[7 8 12 13 14 16 17 18 29 30 31 32],0.886808118116855,18,0.342490773480259,0.794867431159146,0.8,10.1741609252028,0.116071361688839,0,Successfully solved (GUROBI),1.2775074
0.5,0.2,16,0,16,[7 8 12 13 14 15 16 17 18 24 25 29 30 31 32 33],0.894241207661878,18,0.281935244524321,0.734534431389195,0.8,8.13966832757155,0.102832662607436,0,Successfully solved (GUROBI),1.238135
0.5,0.2,20,0,20,[7 8 9 10 11 12 13 14 15 16 17 18 24 25 28 29 30 31 32 33],0.900657549299327,18,0.255805321332852,0.766866867167178,0.799999999659181,6.73327530167789,0.0913159789632791,0,Successfully solved (GUROBI),1.2260279
0.5,0.2,24,0,24,[4 6 7 8 9 10 11 12 13 14 15 16 17 18 24 25 26 27 28 29 30 31 32 33],0.904019373923283,18,0.241093685051558,0.746025007496369,0.8,5.9302643611725,0.0852489716869783,0,Successfully solved (GUROBI),1.2629834
0.5,0.2,28,0,28,[2 3 4 5 6 7 8 9 10 11 12 13 14 15 16 17 18 23 24 25 26 27 28 29 30 31 32 33],0.905274520559487,18,0.227391744165911,0.74854179076295,0.8,5.66710264953352,0.0829780424703503,0,Successfully solved (GUROBI),1.1655707
0.5,0.2,32,0,32,[2 3 4 5 6 7 8 9 10 11 12 13 14 15 16 17 18 19 20 21 22 23 24 25 26 27 28 29 30 31 32 33],0.905480960011501,18,0.223643704020196,0.738989019859507,0.8,5.62376192464654,0.0826042311885828,0,Successfully solved (GUROBI),1.175088
0.5,0.3,2,0,2,[30 32],0.841920253758847,18,0.545975755110207,0.683611772119332,0.699999993848465,22.1451797639731,0.193670287453277,0,Successfully solved (GUROBI),1.0702397
0.5,0.3,4,0,4,[8 14 30 32],0.853362713867367,18,0.493538245358558,0.682786271758939,0.699999999427858,19.1399940733113,0.174272078705938,0,Successfully solved (GUROBI),1.1325491
0.5,0.3,6,0,6,[7 8 14 30 31 32],0.859060515890525,18,0.450456647955975,0.670739322608965,0.700000204991952,16.7660556616251,0.164515031062079,0,Successfully solved (GUROBI),1.503583
0.5,0.3,8,0,8,[7 8 14 18 29 30 31 32],0.867709009409086,18,0.419449037799719,0.654742164197157,0.699999998352911,14.7174864277964,0.149581075355719,0,Successfully solved (GUROBI),1.1788174
0.5,0.3,10,0,10,[7 8 13 14 17 18 29 30 31 32],0.87457799739733,18,0.398703901152831,0.64687072286408,0.7,13.3435511676891,0.13761332656118,0,Successfully solved (GUROBI),1.2018117
0.5,0.3,12,0,12,[7 8 12 13 14 16 17 18 29 30 31 32],0.880200327618826,18,0.386147366414422,0.600702745467722,0.7,12.1354626062159,0.127747384709178,0,Successfully solved (GUROBI),1.3504993
0.5,0.3,16,0,16,[7 8 12 13 14 15 16 17 18 24 25 29 30 31 32 33],0.886796086729672,18,0.320185529095958,0.647404831214978,0.7,10.0996115520947,0.116092700702314,0,Successfully solved (GUROBI),1.3184959
0.5,0.3,20,0,20,[7 8 9 10 11 12 13 14 15 16 17 18 24 25 28 29 30 31 32 33],0.892495403952633,18,0.294386711271559,0.671390563250096,0.699999999955947,8.68988054449713,0.105951953933027,0,Successfully solved (GUROBI),1.3157715
0.5,0.3,24,0,24,[4 6 7 8 9 10 11 12 13 14 15 16 17 18 24 25 26 27 28 29 30 31 32 33],0.895482163386098,18,0.284258940224606,0.635317342251714,0.699999999034541,7.80818089906891,0.100611695267118,0,Successfully solved (GUROBI),1.2964212
0.5,0.3,28,0,28,[2 3 4 5 6 7 8 9 10 11 12 13 14 15 16 17 18 23 24 25 26 27 28 29 30 31 32 33],0.896595234368325,18,0.26973525628844,0.665624176437293,0.700000205088424,7.50104516882478,0.098616986143051,0,Successfully solved (GUROBI),1.7121691
0.5,0.3,32,0,32,[2 3 4 5 6 7 8 9 10 11 12 13 14 15 16 17 18 19 20 21 22 23 24 25 26 27 28 29 30 31 32 33],0.896778022544889,18,0.266478838984783,0.633976928924117,0.7,7.45046725991425,0.0982891783825833,0,Successfully solved (GUROBI),1.1615026
0.6,0,2,0,2,[30 32],0.849364994711151,18,0.468102389535072,0.98930620404602,0.999999998538635,18.345190192267,0.181079106081528,0,Successfully solved (GUROBI),1.2434932
0.6,0,4,0,4,[8 14 30 32],0.8685332593487,18,0.389178913734868,0.997413214791767,1,13.4692214299668,0.148149977597761,0,Successfully solved (GUROBI),1.4789755
0.6,0,6,0,6,[7 8 14 18 30 32],0.885360064516165,18,0.345741281366452,0.846748262919905,1,9.89255555323085,0.11863755653521,0,Successfully solved (GUROBI),1.489024
0.6,0,8,0,8,[7 8 14 18 29 30 31 32],0.89201787766947,18,0.279113467187658,0.99537669237158,1,7.44466377472016,0.106804106055513,0,Successfully solved (GUROBI),1.2129298
0.6,0,10,0,10,[7 8 13 14 17 18 29 30 31 32],0.903218040104714,18,0.256192790527547,0.978720753661278,1,5.8012111160799,0.0866971722448119,0,Successfully solved (GUROBI),1.1005798
0.6,0,12,0,12,[7 8 12 13 14 16 17 18 29 30 31 32],0.912316531854243,18,0.236183664568012,0.965878029334212,0.999999999752286,4.72346433255308,0.0701785457645297,0,Successfully solved (GUROBI),1.2203281
0.6,0,16,0,16,[7 8 12 13 14 15 16 17 18 24 25 29 30 31 32 33],0.922901330536833,18,0.157284879714,0.957217912185579,1,2.98530857205375,0.0507531341535821,0,Successfully solved (GUROBI),1.2343929
0.6,0,20,0,20,[7 8 9 10 11 12 13 14 15 16 17 18 24 25 28 29 30 31 32 33],0.932005334116559,18,0.133445677515151,0.961324431687481,0.999999999684039,1.794043760125,0.0338660572404113,0,Successfully solved (GUROBI),1.3893932
0.6,0,24,0,24,[4 6 7 8 9 10 11 12 13 14 15 16 17 18 24 25 26 27 28 29 30 31 32 33],0.936773561593763,18,0.109033786333754,0.988178478297475,1,1.09401849975259,0.0249552943165756,0,Successfully solved (GUROBI),1.1718501
0.6,0,28,0,28,[2 3 4 5 6 7 8 9 10 11 12 13 14 15 16 17 18 23 24 25 26 27 28 29 30 31 32 33],0.938566185705324,18,0.0999926478748267,0.968616672071816,1,0.858700697306645,0.0215935150695239,0,Successfully solved (GUROBI),1.1651949
0.6,0,32,0,32,[2 3 4 5 6 7 8 9 10 11 12 13 14 15 16 17 18 19 20 21 22 23 24 25 26 27 28 29 30 31 32 33],0.938862779144042,18,0.0965096888565794,0.953924421797883,1,0.821462708393291,0.0210366819494307,0,Successfully solved (GUROBI),1.1044189
0.6,0.1,2,0,2,[30 32],0.847611000470315,18,0.481410103179497,0.897852516077088,0.899999999524334,19.2467106070006,0.184055591988169,0,Successfully solved (GUROBI),1.1050642
0.6,0.1,4,0,4,[8 14 30 32],0.864955314318605,18,0.414424554523697,0.848957541085305,0.899999998094835,14.7709310298293,0.15435230469621,0,Successfully solved (GUROBI),1.3102772
0.6,0.1,6,0,6,[8 14 18 30 31 32],0.878625679542754,18,0.35635092938616,0.889277587091457,0.899999999454838,11.4116569055892,0.130516915377899,0,Successfully solved (GUROBI),1.3026547
0.6,0.1,8,0,8,[7 8 14 18 29 30 31 32],0.886317062511718,18,0.307466679303111,0.895032199733985,0.899999999795504,8.82235035033374,0.116942064750179,0,Successfully solved (GUROBI),1.2906703
0.6,0.1,10,0,10,[7 8 13 14 17 18 29 30 31 32],0.896513703445454,18,0.285274275395387,0.883261624441767,0.899999999553631,7.20011157159785,0.098763179651457,0,Successfully solved (GUROBI),1.3368353
0.6,0.1,12,0,12,[7 8 12 13 14 16 17 18 29 30 31 32],0.904810864052331,18,0.264683246999222,0.857656917639731,0.899999999506086,5.93589181779961,0.0838173004118971,0,Successfully solved (GUROBI),1.3259191
0.6,0.1,16,0,16,[7 8 12 13 14 15 16 17 18 24 25 29 30 31 32 33],0.914480803071126,18,0.192546149180618,0.858370673881478,0.9,4.29008173455811,0.0662248608837738,0,Successfully solved (GUROBI),1.24601
0.6,0.1,20,0,20,[7 8 9 10 11 12 13 14 15 16 17 18 24 25 28 29 30 31 32 33],0.922806385859808,18,0.16562239462462,0.86526471917262,0.9,3.06634466615521,0.0509283743094308,0,Successfully solved (GUROBI),1.4963448
0.6,0.1,24,0,24,[4 6 7 8 9 10 11 12 13 14 15 16 17 18 24 25 26 27 28 29 30 31 32 33],0.927167118753122,18,0.143345097839335,0.866657601212317,0.899999999745514,2.3523519857879,0.0428611339544255,0,Successfully solved (GUROBI),1.357657
0.6,0.1,28,0,28,[2 3 4 5 6 7 8 9 10 11 12 13 14 15 16 17 18 23 24 25 26 27 28 29 30 31 32 33],0.928803241274813,18,0.132812668039734,0.86614138252176,0.89999999981164,2.10943941922889,0.0398245390350502,0,Successfully solved (GUROBI),1.2635323
0.6,0.1,32,0,32,[2 3 4 5 6 7 8 9 10 11 12 13 14 15 16 17 18 19 20 21 22 23 24 25 26 27 28 29 30 31 32 33],0.929073472814835,18,0.126655214874664,0.858874095667434,0.9,2.06927734448623,0.0393224821285115,0,Successfully solved (GUROBI),1.4807137
0.6,0.2,2,0,2,[30 32],0.845836778602377,18,0.503470632311376,0.750012615497826,0.799999998107494,20.1532510136513,0.187060144385504,0,Successfully solved (GUROBI),1.1298333
0.6,0.2,4,0,4,[8 14 30 32],0.861338546116178,18,0.436082991961593,0.778669297290081,0.799999999072318,16.125948025913,0.160595909318304,0,Successfully solved (GUROBI),1.2328002
0.6,0.2,6,0,6,[8 14 18 30 31 32],0.873610093984133,18,0.385057669520598,0.787419515905571,0.799999998661826,13.0104562975976,0.139305404029005,0,Successfully solved (GUROBI),1.4133939
0.6,0.2,8,0,8,[7 8 14 18 29 30 31 32],0.880534767958979,18,0.339590283968017,0.779286579351326,0.79999999965111,10.5257552831253,0.127158522503351,0,Successfully solved (GUROBI),1.1578866
0.6,0.2,10,0,10,[7 8 13 14 17 18 29 30 31 32],0.88970613237392,18,0.320662635104531,0.747141425180612,0.8,8.84727704542636,0.110922998294902,0,Successfully solved (GUROBI),1.2020845
0.6,0.2,12,0,12,[7 8 12 13 14 16 17 18 29 30 31 32],0.897182129018946,18,0.298002804815631,0.759641757649506,0.799999999838486,7.51671496912256,0.0975642274096206,0,Successfully solved (GUROBI),1.2649414
0.6,0.2,16,0,16,[7 8 12 13 14 15 16 17 18 24 25 29 30 31 32 33],0.905911799289853,18,0.224079266755486,0.792292161743076,0.799999999876878,5.66064002336011,0.081823811937753,0,Successfully solved (GUROBI),1.2427218
0.6,0.2,20,0,20,[7 8 9 10 11 12 13 14 15 16 17 18 24 25 28 29 30 31 32 33],0.913435887579659,18,0.198762112755679,0.790621018398386,0.8,4.52582539758138,0.0681348793169384,0,Successfully solved (GUROBI),1.1825793
0.6,0.2,24,0,24,[4 6 7 8 9 10 11 12 13 14 15 16 17 18 24 25 26 27 28 29 30 31 32 33],0.917377211072742,18,0.180145217785575,0.766853610711073,0.799999999755275,3.76160840875815,0.0609190526645252,0,Successfully solved (GUROBI),1.3335165
0.6,0.2,28,0,28,[2 3 4 5 6 7 8 9 10 11 12 13 14 15 16 17 18 23 24 25 26 27 28 29 30 31 32 33],0.918852914396702,18,0.168048943738101,0.779317230030475,0.8,3.50101994044866,0.058209321724524,0,Successfully solved (GUROBI),1.2941044
0.6,0.2,32,0,32,[2 3 4 5 6 7 8 9 10 11 12 13 14 15 16 17 18 19 20 21 22 23 24 25 26 27 28 29 30 31 32 33],0.919096218729972,18,0.178326223859747,0.660160784950282,0.8,3.45854515636046,0.0577621408052325,0,Successfully solved (GUROBI),1.3723137
0.6,0.3,2,0,2,[30 32],0.844041720513442,18,0.522334036099578,0.696851888884108,0.699999997729659,21.0665756801665,0.190093574542706,0,Successfully solved (GUROBI),1.1662876
0.6,0.3,4,0,4,[8 14 30 32],0.857681652270592,18,0.463189094349032,0.676024042831723,0.69999999888611,17.5077512756864,0.166882183668922,0,Successfully solved (GUROBI),1.1495898
0.6,0.3,6,0,6,[8 14 18 30 31 32],0.868528011139578,18,0.418928255697458,0.664000464578933,0.700000481010914,14.7051641698411,0.148159095225912,0,Successfully solved (GUROBI),1.6236776
0.6,0.3,8,0,8,[7 8 14 18 29 30 31 32],0.874667308907092,18,0.37427554658896,0.675277732936864,0.69999999891101,12.3901769853274,0.137457099022205,0,Successfully solved (GUROBI),1.2405431
0.6,0.3,10,0,10,[7 8 13 14 17 18 29 30 31 32],0.882790356550541,18,0.350417447262819,0.675444392832825,0.7,10.8208438138339,0.123181186487392,0,Successfully solved (GUROBI),1.318119
0.6,0.3,12,0,12,[7 8 12 13 14 16 17 18 29 30 31 32],0.889424053622572,18,0.332440470463245,0.659333169975089,0.7,9.44453700876102,0.111424852923547,0,Successfully solved (GUROBI),1.2363974
0.6,0.3,16,0,16,[7 8 12 13 14 15 16 17 18 24 25 29 30 31 32 33],0.897186114990387,18,0.270898640941814,0.644803199833434,0.699999999628358,7.43100003506534,0.0975570751671176,0,Successfully solved (GUROBI),1.3657968
0.6,0.3,20,0,20,[7 8 9 10 11 12 13 14 15 16 17 18 24 25 28 29 30 31 32 33],0.903883806252211,18,0.239307614894608,0.681199477988303,0.69999999985905,6.08049408447803,0.0854940648300739,0,Successfully solved (GUROBI),1.3725313
0.6,0.3,24,0,24,[4 6 7 8 9 10 11 12 13 14 15 16 17 18 24 25 26 27 28 29 30 31 32 33],0.907392803215331,18,0.222987532046603,0.65524680428905,0.699999999807985,5.35178724218506,0.0791383007206595,0,Successfully solved (GUROBI),1.196001
0.6,0.3,28,0,28,[2 3 4 5 6 7 8 9 10 11 12 13 14 15 16 17 18 23 24 25 26 27 28 29 30 31 32 33],0.90870384299668,18,0.214800509806523,0.649269846575462,0.699999999818598,5.10186282634982,0.0767573257687178,0,Successfully solved (GUROBI),1.2315774
0.6,0.3,32,0,32,[2 3 4 5 6 7 8 9 10 11 12 13 14 15 16 17 18 19 20 21 22 23 24 25 26 27 28 29 30 31 32 33],0.908919608233755,18,0.208970387078898,0.647668728031319,0.7,5.06069673933855,0.0763651457997083,0,Successfully solved (GUROBI),1.1840942
0.7,0,2,0,2,[30 32],0.852244995926329,18,0.440895493520859,0.988069064297634,1,16.8858601162516,0.176178467600486,0,Successfully solved (GUROBI),1.2703677
0.7,0,4,0,4,[8 14 30 32],0.874413547872085,18,0.353553242389384,0.998387553193198,1,11.4311792483737,0.137900947365147,0,Successfully solved (GUROBI),1.1500041
0.7,0,6,0,6,[7 8 14 18 30 32],0.893782862364087,18,0.291705912989566,0.994550784962576,1,7.6656448628484,0.103652195035456,0,Successfully solved (GUROBI),1.3224174
0.7,0,8,0,8,[7 8 14 18 29 30 31 32],0.901347254149872,18,0.239339443196733,0.983075885002405,1,5.32985892335981,0.0900731277707179,0,Successfully solved (GUROBI),1.3141343
0.7,0,10,0,10,[7 8 13 14 17 18 29 30 31 32],0.914174753076757,18,0.218083013322145,0.9795169523433,1,3.92958399993673,0.0667845208954623,0,Successfully solved (GUROBI),1.295312
0.7,0,12,0,12,[7 8 12 13 14 16 17 18 29 30 31 32],0.924567988590179,18,0.19136146991061,0.96186306898994,1,2.80731707279971,0.0476740345760126,0,Successfully solved (GUROBI),1.3192516
0.7,0,16,0,16,[7 8 10 12 13 14 15 16 17 18 24 29 30 31 32 33],0.937275848449877,18,0.132270823307508,0.964712911538037,1.00000002354985,1.11923864103021,0.0240139840394253,0,Successfully solved (GUROBI),1.3669012
0.7,0,20,0,20,[7 8 9 10 11 12 13 14 15 16 17 18 24 25 28 29 30 31 32 33],0.946980154769563,18,0.0829529324770497,0.997175107816274,1,0.119345046038706,0.00572858647730244,0,Successfully solved (GUROBI),1.3707262
0.7,0,24,1,24,[4 6 7 8 9 10 11 12 13 14 15 16 17 18 24 25 26 27 28 29 30 31 32 33],0.952332640890958,18,0.0680793301675444,0.978770875327181,0.999888237876605,0,0,0,Successfully solved (GUROBI),2.1669398
0.7,0,28,1,28,[3 4 5 6 7 8 9 10 11 12 13 14 15 16 17 18 22 23 24 25 26 27 28 29 30 31 32 33],0.954421934005571,18,0.0555968049419616,0.98935769233532,0.999982976120919,0,0,0,Successfully solved (GUROBI),1.6292711
0.7,0,32,1,32,[2 3 4 5 6 7 8 9 10 11 12 13 14 15 16 17 18 19 20 21 22 23 24 25 26 27 28 29 30 31 32 33],0.954755105939177,18,0.0539549416647618,0.954340278873386,0.99997491350316,0,0,0,Successfully solved (GUROBI),1.3450474
0.7,0.1,2,0,2,[30 32],0.850234600332782,18,0.456274594126661,0.898897168488858,0.9,17.8962689817427,0.17960112446235,0,Successfully solved (GUROBI),1.107542
0.7,0.1,4,0,4,[8 14 30 32],0.870308059715273,18,0.382819407903632,0.863959078686677,0.899999998396606,12.8388577278936,0.145063881731961,0,Successfully solved (GUROBI),1.3173804
0.7,0.1,6,0,6,[7 8 14 18 30 32],0.887904301808573,18,0.332915483363923,0.775919064763851,0.90000038405819,9.17874069534907,0.114125955181971,0,Successfully solved (GUROBI),1.2906197
0.7,0.1,8,0,8,[7 8 14 18 29 30 31 32],0.894838780338075,18,0.265449780274659,0.893885428293855,0.9,6.78461736959895,0.101763557371596,0,Successfully solved (GUROBI),1.2971148
0.7,0.1,10,0,10,[7 8 13 14 17 18 29 30 31 32],0.90653290823296,18,0.239789939500526,0.897736660064945,0.9,5.18565315753622,0.080698086307517,0,Successfully solved (GUROBI),1.3101599
0.7,0.1,12,0,12,[7 8 12 13 14 16 17 18 29 30 31 32],0.916025039441284,18,0.221101854473382,0.871554915742871,0.9,4.13521674055123,0.0633981271557034,0,Successfully solved (GUROBI),1.2787548
0.7,0.1,16,0,16,[7 8 12 13 14 15 16 17 18 24 25 29 30 31 32 33],0.92705828663624,18,0.142688340340066,0.854820064925415,0.899999999784816,2.40057295669576,0.0430629332295856,0,Successfully solved (GUROBI),1.2976239
0.7,0.1,20,0,20,[7 8 9 10 11 12 13 14 15 16 17 18 24 25 28 29 30 31 32 33],0.936543364940722,18,0.113648013627445,0.893156857833024,0.89999999993401,1.19496806628061,0.0253865255999128,0,Successfully solved (GUROBI),1.3467174
0.7,0.1,24,0,24,[4 6 7 8 9 10 11 12 13 14 15 16 17 18 24 25 26 27 28 29 30 31 32 33],0.941511152707101,18,0.0941548098963789,0.892573227104082,0.899999999903483,0.556151121845457,0.0160567493446955,0,Successfully solved (GUROBI),1.2216688
0.7,0.1,28,0,28,[2 3 4 5 6 7 8 9 10 11 12 13 14 15 16 17 18 23 24 25 26 27 28 29 30 31 32 33],0.943380650184067,18,0.0845288802851776,0.887729709958374,0.899999999972357,0.375620110075843,0.012532948862478,0,Successfully solved (GUROBI),1.3406214
0.7,0.1,32,0,32,[2 3 4 5 6 7 8 9 10 11 12 13 14 15 16 17 18 19 20 21 22 23 24 25 26 27 28 29 30 31 32 33],0.943690225984016,18,0.0818803066077483,0.848247521531265,0.9,0.346410732712692,0.0119487574017725,0,Successfully solved (GUROBI),1.3060776
0.7,0.2,2,0,2,[30 32],0.848197879977158,18,0.479277342463009,0.797761876114777,0.8,18.9456535353888,0.183060356725254,0,Successfully solved (GUROBI),1.2136818
0.7,0.2,4,0,4,[8 14 30 32],0.86615220706298,18,0.404953478752292,0.791333491687524,0.799999998357949,14.3332689470694,0.152280354840209,0,Successfully solved (GUROBI),1.3088428
0.7,0.2,6,0,6,[8 14 18 30 31 32],0.880283214929736,18,0.356606164838211,0.764777531574075,0.8,10.897811339651,0.127601461787983,0,Successfully solved (GUROBI),2.166176
0.7,0.2,8,0,8,[7 8 14 18 29 30 31 32],0.888226263160099,18,0.297393017651435,0.797361198665505,0.8,8.34175470523479,0.113554105569008,0,Successfully solved (GUROBI),1.3394488
0.7,0.2,10,0,10,[7 8 13 14 17 18 29 30 31 32],0.898759713520286,18,0.276396446506508,0.779645189506367,0.799999999727487,6.71519853982678,0.0947309774379469,0,Successfully solved (GUROBI),1.3767564
0.7,0.2,12,0,12,[7 8 12 13 14 16 17 18 29 30 31 32],0.907326133201701,18,0.253285608940086,0.791386547393135,0.8,5.51183261499754,0.0792592880464661,0,Successfully solved (GUROBI),1.2927813
0.7,0.2,16,0,16,[7 8 12 13 14 15 16 17 18 24 25 29 30 31 32 33],0.917303758791713,18,0.177725113509285,0.779700960631631,0.8,3.8393039050584,0.0610538141665351,0,Successfully solved (GUROBI),1.3113509
0.7,0.2,20,0,20,[7 8 9 10 11 12 13 14 15 16 17 18 24 25 28 29 30 31 32 33],0.925891294169085,18,0.156709120177997,0.749623799473029,0.799999999602986,2.62674403090989,0.0452253114821922,0,Successfully solved (GUROBI),1.3201457
0.7,0.2,24,0,24,[4 6 7 8 9 10 11 12 13 14 15 16 17 18 24 25 26 27 28 29 30 31 32 33],0.930389136816118,18,0.13031033634655,0.78452596241061,0.799999999859985,1.92055613065089,0.0368760541276811,0,Successfully solved (GUROBI),1.4331012
0.7,0.2,28,0,28,[2 3 4 5 6 7 8 9 10 11 12 13 14 15 16 17 18 23 24 25 26 27 28 29 30 31 32 33],0.932077847001931,18,0.119447741347256,0.789281468691093,0.8,1.66895680761961,0.0337308871344498,0,Successfully solved (GUROBI),1.2743065
0.7,0.2,32,0,32,[2 3 4 5 6 7 8 9 10 11 12 13 14 15 16 17 18 19 20 21 22 23 24 25 26 27 28 29 30 31 32 33],0.932356926000834,18,0.118020234276407,0.741383247680935,0.8,1.62733315141161,0.0332105625653301,0,Successfully solved (GUROBI),1.2085112
0.7,0.3,2,0,2,[30 32],0.846133914641129,18,0.496015674609541,0.698270866625231,0.699999999392789,20.001805562241,0.186557398653307,0,Successfully solved (GUROBI),1.2046475
0.7,0.3,4,0,4,[8 14 30 32],0.861944093699829,18,0.434784344720577,0.676884024482426,0.699999999074845,15.8981040085884,0.15955237960644,0,Successfully solved (GUROBI),1.1294558
0.7,0.3,6,0,6,[8 14 18 30 31 32],0.874450563021986,18,0.382549328026673,0.673545124854525,0.699999998438629,12.7399187449466,0.137836213285844,0,Successfully solved (GUROBI),1.1821134
0.7,0.3,8,0,8,[7 8 14 18 29 30 31 32],0.881504295103001,18,0.332662420173043,0.695890237419086,0.699999999671964,10.2265605823471,0.125450177814066,0,Successfully solved (GUROBI),1.2482696
0.7,0.3,10,0,10,[7 8 13 14 17 18 29 30 31 32],0.890848103547922,18,0.311276804995094,0.682168563021778,0.7,8.55190285675415,0.108889656535944,0,Successfully solved (GUROBI),1.3093674
0.7,0.3,12,0,12,[7 8 12 13 14 16 17 18 29 30 31 32],0.898462413515338,18,0.293223635019831,0.659676662342569,0.7,7.21051570212089,0.095265291618425,0,Successfully solved (GUROBI),1.2272768
0.7,0.3,16,0,16,[7 8 12 13 14 15 16 17 18 24 25 29 30 31 32 33],0.907350615649275,18,0.224663125542953,0.660377398406736,0.699999999590072,5.42650724936976,0.0792148603967492,0,Successfully solved (GUROBI),1.3115073
0.7,0.3,20,0,20,[7 8 9 10 11 12 13 14 15 16 17 18 24 25 28 29 30 31 32 33],0.915009964483546,18,0.192943569386058,0.695374069182882,0.7,4.27546885607539,0.0652567649259656,0,Successfully solved (GUROBI),1.3439172
0.7,0.3,24,0,24,[4 6 7 8 9 10 11 12 13 14 15 16 17 18 24 25 26 27 28 29 30 31 32 33],0.919022057840524,18,0.177430955343603,0.6581351432355,0.699999999808837,3.51077338519943,0.0578984572531644,0,Successfully solved (GUROBI),1.2900091
0.7,0.3,28,0,28,[2 3 4 5 6 7 8 9 10 11 12 13 14 15 16 17 18 23 24 25 26 27 28 29 30 31 32 33],0.920524783147755,18,0.162053985741234,0.6890058883011,0.7,3.25453335462532,0.0551341236233226,0,Successfully solved (GUROBI),1.1986322
0.7,0.3,32,0,32,[2 3 4 5 6 7 8 9 10 11 12 13 14 15 16 17 18 19 20 21 22 23 24 25 26 27 28 29 30 31 32 33],0.920772615886073,18,0.165701423222591,0.604074875808226,0.7,3.21346891460327,0.0546777900016818,0,Successfully solved (GUROBI),1.2996769
0.8,0,2,0,2,[30 32],0.855073271473044,18,0.413246133765767,0.997105232791447,1,15.5294676305112,0.171349700468993,0,Successfully solved (GUROBI),1.3499413
0.8,0,4,0,4,[8 14 30 32],0.880194714165889,18,0.320569991710773,0.996214692319349,1,9.57080695561633,0.127757265357776,0,Successfully solved (GUROBI),1.1292041
0.8,0,6,0,6,[7 8 14 18 30 32],0.902045453759504,18,0.254559933666587,0.996109905031054,1,5.88446700398858,0.0888139994305196,0,Successfully solved (GUROBI),1.2496216
0.8,0,8,0,8,[7 8 14 18 29 30 31 32],0.91047404154919,18,0.199614112360048,0.99865561393097,1,3.61201718179528,0.073537019690468,0,Successfully solved (GUROBI),1.208371
0.8,0,10,0,10,[7 8 13 14 17 18 29 30 31 32],0.924876560686815,18,0.175132444109325,0.97919616461757,1,2.30447371926071,0.0471033476185236,0,Successfully solved (GUROBI),1.2304475
0.8,0,12,0,12,[7 8 12 13 14 16 17 18 29 30 31 32],0.936517601968526,18,0.151583519022152,0.998448836234894,0.999999999942793,1.17050810584189,0.0254347812162513,0,Successfully solved (GUROBI),1.281221
0.8,0,16,1,16,[7 8 10 12 13 14 15 16 17 18 24 25 29 30 31 32],0.950827572838004,33,0.0726110912422587,0.999218379147769,0.999984536037294,0,0,0,Successfully solved (GUROBI),3.8972768
0.8,0,20,1,20,[4 7 8 9 10 12 13 14 15 16 17 18 24 25 28 29 30 31 32 33],0.959576570963158,18,0.0499770616437162,0.986122810211023,0.999948541869784,0,0,0,Successfully solved (GUROBI),2.0498119
0.8,0,24,1,24,[4 6 7 8 9 10 11 12 13 14 15 16 17 18 24 25 26 27 28 29 30 31 32 33],0.967564185630418,18,0.034321741466203,0.994035738075922,0.999966319929042,0,0,0,Successfully solved (GUROBI),1.9218597
0.8,0,28,1,28,[3 4 5 6 7 8 9 10 11 12 13 14 15 16 17 18 22 23 24 25 26 27 28 29 30 31 32 33],0.969812115885521,18,0.0275999581668637,0.972322264049416,0.999888795806011,0,0,0,Successfully solved (GUROBI),2.0830427
0.8,0,32,1,32,[2 3 4 5 6 7 8 9 10 11 12 13 14 15 16 17 18 19 20 21 22 23 24 25 26 27 28 29 30 31 32 33],0.970231613080605,18,0.0254544000880176,0.942075371542259,0.999972032299973,0,0,0,Successfully solved (GUROBI),1.4396673
0.8,0.1,2,0,2,[30 32],0.85281468246393,18,0.434378798073999,0.899265169446403,0.9,16.6101675859974,0.175207117475626,0,Successfully solved (GUROBI),1.2892901
0.8,0.1,4,0,4,[8 14 30 32],0.875577543493669,18,0.346558566135565,0.882648676898237,0.9,11.0450791717565,0.135863966008318,0,Successfully solved (GUROBI),1.1951612
0.8,0.1,6,0,6,[7 8 14 18 30 32],0.895447900059965,18,0.28507551004189,0.891658423422371,0.9,7.28772678780174,0.100673058303246,0,Successfully solved (GUROBI),1.3493509
0.8,0.1,8,0,8,[7 8 14 18 29 30 31 32],0.903188388902748,18,0.228395022907501,0.899209053832358,0.9,4.94419935313703,0.0867507341732885,0,Successfully solved (GUROBI),1.3413614
0.8,0.1,10,0,10,[7 8 13 14 17 18 29 30 31 32],0.916334933121732,18,0.203151618928989,0.897970113196817,0.899999999873585,3.58019203368362,0.0628302903796829,0,Successfully solved (GUROBI),1.4160608
0.8,0.1,12,0,12,[7 8 12 13 14 16 17 18 29 30 31 32],0.926981341002429,18,0.181003838409422,0.896097617238366,0.899999999939926,2.46412393542065,0.0432055934491156,0,Successfully solved (GUROBI),1.319558
0.8,0.1,16,0,16,[7 8 12 13 14 15 16 17 18 24 25 29 30 31 32 33],0.9393263660385,18,0.139760110881198,0.720220439598025,0.9,0.781621216859697,0.0201659783265416,0,Successfully solved (GUROBI),1.3871342
0.8,0.1,20,0,20,[7 8 9 10 11 12 13 14 15 16 17 18 24 25 27 29 30 31 32 33],0.949969909485308,18,0.0756037583695023,0.899710599556664,0.9,0.000285855367626616,5.7171073530231e-05,0,Successfully solved (GUROBI),1.3789627
0.8,0.1,24,1,24,[4 6 7 8 9 10 11 12 13 14 15 16 17 18 24 25 26 27 28 29 30 31 32 33],0.955441194787003,18,0.0592216128545841,0.885734120366351,0.89993948800223,0,0,0,Successfully solved (GUROBI),2.4227324
0.8,0.1,28,1,28,[3 4 5 6 7 8 9 10 11 12 13 14 15 16 17 18 22 23 24 25 26 27 28 29 30 31 32 33],0.957539678260552,18,0.0498579786227259,0.878525281785776,0.899975162255288,0,0,0,Successfully solved (GUROBI),2.0487313
0.8,0.1,32,1,32,[2 3 4 5 6 7 8 9 10 11 12 13 14 15 16 17 18 19 20 21 22 23 24 25 26 27 28 29 30 31 32 33],0.957907696728714,18,0.0460194875357519,0.872782900290867,0.899993970131668,0,0,0,Successfully solved (GUROBI),1.4015489
0.8,0.2,2,0,2,[30 32],0.850523386397707,18,0.458843747702603,0.796654495851154,0.8,17.7479329206909,0.179109970322228,0,Successfully solved (GUROBI),1.3362973
0.8,0.2,4,0,4,[8 14 30 32],0.870897600448975,18,0.372616708341776,0.79648463795683,0.8,12.6305378871297,0.144037369670391,0,Successfully solved (GUROBI),1.2702566
0.8,0.2,6,0,6,[7 8 14 18 30 32],0.88874901945571,18,0.337280661461261,0.682851971721463,0.800000196962641,8.95307281820447,0.112625184021246,0,Successfully solved (GUROBI),1.5141461
0.8,0.2,8,0,8,[7 8 14 18 29 30 31 32],0.895774816407279,18,0.262344353237894,0.796024953985403,0.799999999838294,6.56911291852371,0.100087478356957,0,Successfully solved (GUROBI),1.3094372
0.8,0.2,10,0,10,[7 8 13 14 17 18 29 30 31 32],0.907632484561891,18,0.239242832324337,0.777807223723694,0.79999999988712,5.00504189697948,0.0787032730034402,0,Successfully solved (GUROBI),1.2343744
0.8,0.2,12,0,12,[7 8 12 13 14 16 17 18 29 30 31 32],0.917254811038058,18,0.218362214371665,0.75556680615433,0.799999999739865,3.9396992254205,0.0611436117090761,0,Successfully solved (GUROBI),1.3098712
0.8,0.2,16,0,16,[7 8 12 13 14 15 16 17 18 24 25 29 30 31 32 33],0.928436261746204,18,0.134018232640471,0.79825392233731,0.8,2.20801719894166,0.0405061078831902,0,Successfully solved (GUROBI),1.2400836
0.8,0.2,20,0,20,[7 8 9 10 11 12 13 14 15 16 17 18 24 25 28 29 30 31 32 33],0.938047207160007,18,0.109301513726481,0.793324257218727,0.8,1.01040995441094,0.0225674371615182,0,Successfully solved (GUROBI),1.370875
0.8,0.2,24,0,24,[4 6 7 8 9 10 11 12 13 14 15 16 17 18 24 25 26 27 28 29 30 31 32 33],0.943080920776916,18,0.0892981604601992,0.795004301844207,0.8,0.410683826138851,0.0130983768767023,0,Successfully solved (GUROBI),1.2561409
0.8,0.2,28,0,28,[2 3 4 5 6 7 8 9 10 11 12 13 14 15 16 17 18 23 24 25 26 27 28 29 30 31 32 33],0.944975846614088,18,0.0828658044305858,0.775714341011193,0.8,0.236828022351039,0.00952064934174385,0,Successfully solved (GUROBI),1.2119854
0.8,0.2,32,0,32,[2 3 4 5 6 7 8 9 10 11 12 13 14 15 16 17 18 19 20 21 22 23 24 25 26 27 28 29 30 31 32 33],0.945289722172465,18,0.0761457301005534,0.772452700632054,0.8,0.21107258707306,0.00892734116311175,0,Successfully solved (GUROBI),1.2787972
0.8,0.3,2,0,2,[30 32],0.848197880720873,18,0.492001122061265,0.673265816838394,0.699999998161894,18.9456553811476,0.183060355680307,0,Successfully solved (GUROBI),1.3022076
0.8,0.3,4,0,4,[8 14 30 32],0.866152213477717,18,0.404181336950019,0.692543308834333,0.7,14.3332649718766,0.152280343837539,0,Successfully solved (GUROBI),1.321373
0.8,0.3,6,0,6,[8 14 18 30 31 32],0.880283215408418,18,0.363162965852418,0.606046048813603,0.700000286519792,10.8978123372517,0.127601462460971,0,Successfully solved (GUROBI),1.4340703
0.8,0.3,8,0,8,[7 8 14 18 29 30 31 32],0.888226252639265,18,0.297705292546548,0.695096642560379,0.7,8.34175435552744,0.113554124212417,0,Successfully solved (GUROBI),1.2677323
0.8,0.3,10,0,10,[7 8 13 14 17 18 29 30 31 32],0.89875971334579,18,0.275122122003301,0.691360559655462,0.699999999640295,6.71519883837514,0.0947309777818428,0,Successfully solved (GUROBI),1.2376652
0.8,0.3,12,0,12,[7 8 12 13 14 16 17 18 29 30 31 32],0.907326132193029,18,0.253671557896011,0.694853725625347,0.699999999828911,5.51183269427895,0.0792592898947704,0,Successfully solved (GUROBI),1.3868303
0.8,0.3,16,0,16,[7 8 12 13 14 15 16 17 18 24 25 29 30 31 32 33],0.917303758839577,18,0.178084604974339,0.673336270128641,0.699999999873894,3.83930387508857,0.061053814058327,0,Successfully solved (GUROBI),1.4422198
0.8,0.3,20,0,20,[7 8 9 10 11 12 13 14 15 16 17 18 24 25 28 29 30 31 32 33],0.925891294914631,18,0.152277285071343,0.683353923670256,0.699999999831617,2.62674383194654,0.045225310051171,0,Successfully solved (GUROBI),1.2433952
0.8,0.3,24,0,24,[4 6 7 8 9 10 11 12 13 14 15 16 17 18 24 25 26 27 28 29 30 31 32 33],0.930389135799418,18,0.135671090158435,0.66018026087321,0.7,1.92055627631505,0.0368760560804264,0,Successfully solved (GUROBI),1.2155758
0.8,0.3,28,0,28,[2 3 4 5 6 7 8 9 10 11 12 13 14 15 16 17 18 23 24 25 26 27 28 29 30 31 32 33],0.932077846861162,18,0.123271600290708,0.662422290239464,0.7,1.66895682901102,0.0337308874235899,0,Successfully solved (GUROBI),1.4010133
0.8,0.3,32,0,32,[2 3 4 5 6 7 8 9 10 11 12 13 14 15 16 17 18 19 20 21 22 23 24 25 26 27 28 29 30 31 32 33],0.93235692619829,18,0.117047684015811,0.641834114201789,0.7,1.62733312322485,0.0332105621856361,0,Successfully solved (GUROBI),1.2056934
